distance,t1,t2,date,date1,sst,sstanom,hotspot,dhw
0,0.801050775,0.708218909,2014-Sep-16,16/9/14,32.1,1.243,0,0
0.005,0.81352535,0.720896927,2014-Sep-15,15/9/14,31.351,0.471,0,0
0.0101,0.826350769,0.730690755,2014-Sep-14,14/9/14,31.438,0.53,0,0
0.0151,0.83845602,0.740775157,2014-Sep-13,13/9/14,31.902,0.965,0,0
0.0202,0.852427156,0.748956669,2014-Sep-12,12/9/14,31.874,0.909,0,0
0.0252,0.86527024,0.760614206,2014-Sep-11,11/9/14,31.997,1.004,0,0
0.0303,0.878093116,0.770658064,2014-Sep-10,10/9/14,31.816,0.795,0,0
0.0353,0.891405227,0.779288485,2014-Sep-09,9/9/14,31.697,0.647,0,0
0.0404,0.903789471,0.791608242,2014-Sep-08,8/9/14,31.789,0.71,0,0
0.0454,0.914914671,0.804679074,2014-Sep-07,7/9/14,32.157,1.05,0,0
0.0505,0.925486695,0.817574131,2014-Sep-06,6/9/14,32.257,1.121,0,0
0.0555,0.93555765,0.829535502,2014-Sep-05,5/9/14,32.163,0.999,0,0
0.0605,0.945179612,0.84005094,2014-Sep-04,4/9/14,32.059,0.867,0,0
0.0656,0.948860825,0.850607734,2014-Sep-03,3/9/14,31.6,0.379,0,0
0.0706,0.952374393,0.861367229,2014-Sep-02,2/9/14,32.678,1.429,0.148,0
0.0757,0.955080879,0.867757338,2014-Sep-01,1/9/14,31.978,0.7,0,0
0.0807,0.959496599,0.869382237,2014-Aug-31,31/8/14,31.091,-0.215,0,0
0.0858,0.96563397,0.874571204,2014-Aug-30,30/8/14,31.021,-0.314,0,0
0.0908,0.973874954,0.881006691,2014-Aug-29,29/8/14,31.249,-0.114,0,0
0.0959,0.984085349,0.889851747,2014-Aug-28,28/8/14,31.114,-0.278,0,0
0.1009,0.994522454,0.901169163,2014-Aug-27,27/8/14,31.061,-0.359,0,0
0.106,1.005030349,0.912698098,2014-Aug-26,26/8/14,30.388,-1.061,0,0
0.111,1.015745081,0.922884103,2014-Aug-25,25/8/14,30.322,-1.155,0,0
0.116,1.025630787,0.934344567,2014-Aug-24,24/8/14,30.398,-1.108,0,0
0.1211,1.034386432,0.941546628,2014-Aug-23,23/8/14,31.09,-0.444,0,0
0.1261,1.041306852,0.946466917,2014-Aug-22,22/8/14,31.174,-0.388,0,0
0.1312,1.048038795,0.948274731,2014-Aug-21,21/8/14,31.139,-0.451,0,0
0.1362,1.057737721,0.946797096,2014-Aug-20,20/8/14,30.808,-0.811,0,0
0.1413,1.063119664,0.939819824,2014-Aug-19,19/8/14,30.795,-0.853,0,0
0.1463,1.067636322,0.935769685,2014-Aug-18,18/8/14,30.251,-1.425,0,0
0.1514,1.074974672,0.930668747,2014-Aug-17,17/8/14,31.293,-0.412,0,0
0.1564,1.083679097,0.925409889,2014-Aug-16,16/8/14,29.961,-1.772,0,0
0.1614,1.090671099,0.921403241,2014-Aug-15,15/8/14,30.357,-1.404,0,0
0.1665,1.097873163,0.920582825,2014-Aug-14,14/8/14,30.639,-1.147,0,0
0.1715,1.10436175,0.921560372,2014-Aug-13,13/8/14,30.904,-0.907,0,0
0.1766,1.109139574,0.921018639,2014-Aug-12,12/8/14,31.446,-0.39,0,0
0.1816,1.113068994,0.92176502,2014-Aug-11,11/8/14,31.08,-0.781,0,0
0.1867,1.121160175,0.922536383,2014-Aug-10,10/8/14,31.564,-0.321,0,0
0.1917,1.128278907,0.923473362,2014-Aug-09,9/8/14,32.188,0.278,0,0
0.1968,1.136476657,0.926070181,2014-Aug-08,8/8/14,32.642,0.707,0.111,0
0.2018,1.143817619,0.928648872,2014-Aug-07,7/8/14,32.624,0.664,0.094,0
0.2069,1.147579277,0.93570203,2014-Aug-06,6/8/14,32.158,0.173,0,0
0.2119,1.149270083,0.942888638,2014-Aug-05,5/8/14,32.59,0.58,0.059,0
0.2169,1.147147201,0.950372909,2014-Aug-04,4/8/14,32.917,0.883,0.387,0
0.222,1.14338512,0.958381562,2014-Aug-03,3/8/14,32.692,0.632,0.161,0
0.227,1.135677862,0.964558515,2014-Aug-02,2/8/14,32.745,0.661,0.215,0
0.2321,1.131304098,0.968908811,2014-Aug-01,1/8/14,32.283,0.175,0,0
0.2371,1.126854242,0.978303141,2014-Jul-31,31/7/14,32.397,0.263,0,0
0.2422,1.123802228,0.983221542,2014-Jul-30,30/7/14,32.82,0.661,0.289,0
0.2472,1.124507747,0.983605366,2014-Jul-29,29/7/14,32.765,0.582,0.235,0
0.2523,1.125888988,0.98370458,2014-Jul-28,28/7/14,32.54,0.333,0.01,0
0.2573,1.128527269,0.984375592,2014-Jul-27,27/7/14,32.468,0.236,0,0
0.2624,1.132127631,0.986310467,2014-Jul-26,26/7/14,32.242,-0.015,0,0
0.2674,1.138392694,0.987208276,2014-Jul-25,25/7/14,32.396,0.113,0,0
0.2724,1.148241565,0.986826175,2014-Jul-24,24/7/14,32.828,0.521,0.298,0
0.2775,1.153102619,0.982768214,2014-Jul-23,23/7/14,32.308,-0.024,0,0
0.2825,1.155450075,0.982457437,2014-Jul-22,22/7/14,32.243,-0.114,0,0
0.2876,1.155512826,0.979482658,2014-Jul-21,21/7/14,32.198,-0.183,0,0
0.2926,1.151873637,0.973515498,2014-Jul-20,20/7/14,32.282,-0.124,0,0
0.2977,1.150521033,0.964956346,2014-Jul-19,19/7/14,31.804,-0.628,0,0
0.3027,1.151068076,0.958268288,2014-Jul-18,18/7/14,32.006,-0.45,0,0
0.3078,1.151115911,0.953453201,2014-Jul-17,17/7/14,32.137,-0.344,0,0
0.3128,1.152824977,0.953566155,2014-Jul-16,16/7/14,32.171,-0.335,0,0
0.3179,1.157144341,0.953622031,2014-Jul-15,15/7/14,31.654,-0.877,0,0
0.3229,1.154830952,0.952934874,2014-Jul-14,14/7/14,31.419,-1.072,0,0
0.3279,1.15253287,0.951573604,2014-Jul-13,13/7/14,31.857,-0.595,0,0
0.333,1.150739022,0.952013862,2014-Jul-12,12/7/14,32.949,0.535,0.418,0
0.338,1.150305482,0.954196249,2014-Jul-11,11/7/14,33.492,1.117,0.962,0
0.3431,1.151178533,0.951570859,2014-Jul-10,10/7/14,32.86,0.524,0.329,0
0.3481,1.152863637,0.951757024,2014-Jul-09,9/7/14,32.493,0.195,0,0
0.3532,1.14755532,0.958725232,2014-Jul-08,8/7/14,32.641,0.383,0.111,0
0.3582,1.146196173,0.965709104,2014-Jul-07,7/7/14,32.498,0.279,0,0
0.3633,1.145756798,0.975071153,2014-Jul-06,6/7/14,33.024,0.843,0.493,0
0.3683,1.140425032,0.984934845,2014-Jul-05,5/7/14,32.675,0.534,0.145,0
0.3733,1.138689969,0.993837705,2014-Jul-04,4/7/14,32.153,0.05,0,0
0.3784,1.13362603,1.007973148,2014-Jul-03,3/7/14,31.922,-0.142,0,0
0.3834,1.123772644,1.023728009,2014-Jul-02,2/7/14,32.038,0.013,0,0
0.3885,1.115925902,1.039047853,2014-Jul-01,1/7/14,32.583,0.596,0.052,0
0.3935,1.107403168,1.054598595,2014-Jun-30,30/6/14,32.109,0.162,0,0
0.3986,1.100009489,1.068736395,2014-Jun-29,29/6/14,31.354,-0.555,0,0
0.4036,1.091297944,1.08435013,2014-Jun-28,28/6/14,31.4,-0.47,0,0
0.4087,1.080409782,1.098330833,2014-Jun-27,27/6/14,31.597,-0.234,0,0
0.4137,1.072757709,1.111190361,2014-Jun-26,26/6/14,32.26,0.468,0,0
0.4188,1.064175107,1.119301062,2014-Jun-25,25/6/14,31.93,0.177,0,0
0.4238,1.05772535,1.125166103,2014-Jun-24,24/6/14,31.053,-0.661,0,0
0.4288,1.051145036,1.126138989,2014-Jun-23,23/6/14,32.557,0.881,0.026,0
0.4339,1.044362526,1.119800341,2014-Jun-22,22/6/14,32.955,1.318,0.424,0
0.4389,1.039223686,1.110094227,2014-Jun-21,21/6/14,32.532,0.934,0.001,0
0.444,1.033102818,1.10117652,2014-Jun-20,20/6/14,32.208,0.649,0,0
0.449,1.02795852,1.084802184,2014-Jun-19,19/6/14,32.046,0.527,0,0
0.4541,1.023952723,1.063636498,2014-Jun-18,18/6/14,32.433,0.952,0,0
0.4591,1.02058475,1.04146923,2014-Jun-17,17/6/14,31.507,0.065,0,0
0.4642,1.02164492,1.026543277,2014-Jun-16,16/6/14,32.058,0.655,0,0
0.4692,1.026892039,1.018478274,2014-Jun-15,15/6/14,,,,0
0.4743,1.032217569,1.014495744,2014-Jun-14,14/6/14,,,,0
0.4793,1.038982524,1.015978191,2014-Jun-13,13/6/14,,,,0
0.4843,1.044508179,1.021146588,2014-Jun-12,12/6/14,32.595,1.47,0.064,0
0.4894,1.050902036,1.028980057,2014-Jun-11,11/6/14,32.634,1.59,0.104,0
0.4944,1.053207222,1.036682492,2014-Jun-10,10/6/14,31.998,1.034,0,0
0.4995,1.052683638,1.042314265,2014-Jun-09,9/6/14,31.986,1.102,0,0
0.5045,1.056323041,1.043067185,2014-Jun-08,8/6/14,32.083,1.279,0,0
0.5096,1.057758863,1.04193681,2014-Jun-07,7/6/14,31.761,1.036,0,0
0.5146,1.055991424,1.037391686,2014-Jun-06,6/6/14,31.443,0.799,0,0
0.5197,1.061011906,1.03092265,2014-Jun-05,5/6/14,31.166,0.601,0,0
0.5247,1.065429764,1.025601197,2014-Jun-04,4/6/14,31.486,1.002,0,0
0.5298,1.068456925,1.024151308,2014-Jun-03,3/6/14,32.761,2.356,0.23,0
0.5348,1.071402753,1.029673881,2014-Jun-02,2/6/14,32.987,2.663,0.457,0
0.5398,1.068543694,1.035129602,2014-Jun-01,1/6/14,32.521,2.276,0,0
0.5449,1.066474974,1.043461849,2014-May-31,31/5/14,31.942,1.778,0,0
0.5499,1.064084292,1.048999202,2014-May-30,30/5/14,31.469,1.384,0,0
0.555,1.063911736,1.048700197,2014-May-29,29/5/14,31.958,1.953,0,0
0.56,1.067779645,1.048099986,2014-May-28,28/5/14,31.954,2.029,0,0
0.5651,1.068681857,1.046708127,2014-May-27,27/5/14,32.262,2.417,0,0
0.5701,1.07291264,1.041988778,2014-May-26,26/5/14,31.851,2.086,0,0
0.5752,1.079813494,1.036887155,2014-May-25,25/5/14,31.632,1.947,0,0
0.5802,1.083195837,1.033147229,2014-May-24,24/5/14,30.914,1.309,0,0
0.5852,1.087445846,1.032641521,2014-May-23,23/5/14,30.549,1.024,0,0
0.5903,1.091338917,1.032645165,2014-May-22,22/5/14,29.465,0.02,0,0
0.5953,1.093125133,1.030075364,2014-May-21,21/5/14,28.863,-0.502,0,0
0.6004,1.089608794,1.031291469,2014-May-20,20/5/14,28.572,-0.713,0,0
0.6054,1.084117897,1.031030872,2014-May-19,19/5/14,28.678,-0.528,0,0
0.6105,1.080634568,1.029250277,2014-May-18,18/5/14,29.421,0.296,0,0
0.6155,1.07793321,1.031524924,2014-May-17,17/5/14,28.717,-0.328,0,0
0.6206,1.076713281,1.033320981,2014-May-16,16/5/14,28.847,-0.118,0,0
0.6256,1.083330087,1.031587809,2014-May-15,15/5/14,28.417,-0.468,0,0
0.6307,1.090304708,1.032070846,2014-May-14,14/5/14,29.594,0.819,0,0
0.6357,1.097450868,1.030272778,2014-May-13,13/5/14,29.631,0.966,0,0
0.6407,1.109450648,1.026256678,2014-May-12,12/5/14,29.193,0.637,0,0
0.6458,1.120349687,1.030740894,2014-May-11,11/5/14,29.209,0.763,0,0
0.6508,1.12973495,1.035441279,2014-May-10,10/5/14,30.136,1.799,0,0
0.6559,1.133866049,1.040926179,2014-May-09,9/5/14,29.878,1.651,0,0
0.6609,1.137129565,1.040397666,2014-May-08,8/5/14,29.666,1.549,0,0
0.666,1.137449148,1.039212428,2014-May-07,7/5/14,28.293,0.285,0,0
0.671,1.135698604,1.039314268,2014-May-06,6/5/14,28.984,1.087,0,0
0.6761,1.131929509,1.030656935,2014-May-05,5/5/14,28.903,1.116,0,0
0.6811,1.126878187,1.019301564,2014-May-04,4/5/14,29.032,1.354,0,0
0.6862,1.125101532,1.006225089,2014-May-03,3/5/14,29.281,1.713,0,0
0.6912,1.120730095,0.994549592,2014-May-02,2/5/14,29.022,1.563,0,0
0.6962,1.113960176,0.981962402,2014-May-01,1/5/14,29.283,1.934,0,0
0.7013,1.112835293,0.968633941,2014-Apr-30,30/4/14,29.871,2.632,0,0
0.7063,1.107471858,0.955335854,2014-Apr-29,29/4/14,29.888,2.759,0,0
0.7114,1.100660038,0.944200888,2014-Apr-28,28/4/14,29.135,2.116,0,0
0.7164,1.097210278,0.93462993,2014-Apr-27,27/4/14,28.738,1.828,0,0
0.7215,1.095895381,0.932058829,2014-Apr-26,26/4/14,28.78,1.98,0,0
0.7265,1.098019231,0.928736079,2014-Apr-25,25/4/14,27.715,1.025,0,0
0.7316,1.104070076,0.92419836,2014-Apr-24,24/4/14,27.624,1.044,0,0
0.7366,1.111576757,0.915428755,2014-Apr-23,23/4/14,26.973,0.503,0,0
0.7417,1.118561637,0.908141249,2014-Apr-22,22/4/14,26.875,0.514,0,0
0.7467,1.123355134,0.902672199,2014-Apr-21,21/4/14,27.446,1.195,0,0
0.7517,1.128761186,0.905485574,2014-Apr-20,20/4/14,26.887,0.745,0,0
0.7568,1.133068819,0.903259408,2014-Apr-19,19/4/14,27.699,1.667,0,0
0.7618,1.147801899,0.899432915,2014-Apr-18,18/4/14,27.759,1.838,0,0
0.7669,1.158775754,0.898511673,2014-Apr-17,17/4/14,28.336,2.524,0,0
0.7719,1.16473,0.897359046,2014-Apr-16,16/4/14,27.39,1.688,0,0
0.777,1.165846889,0.895442343,2014-Apr-15,15/4/14,27.656,2.063,0,0
0.782,1.167516801,0.89526728,2014-Apr-14,14/4/14,27.433,1.923,0,0
0.7871,1.165855153,0.890818461,2014-Apr-13,13/4/14,26.636,1.207,0,0
0.7921,1.162053095,0.883472001,2014-Apr-12,12/4/14,26.258,0.911,0,0
0.7971,1.158248726,0.875457547,2014-Apr-11,11/4/14,26.337,1.072,0,0
0.8022,1.154232745,0.868606545,2014-Apr-10,10/4/14,25.61,0.427,0,0
0.8072,1.153586767,0.863350647,2014-Apr-09,9/4/14,25.582,0.48,0,0
0.8123,1.150109269,0.862032306,2014-Apr-08,8/4/14,25.092,0.072,0,0
0.8173,1.146955892,0.861043553,2014-Apr-07,7/4/14,24.741,-0.197,0,0
0.8224,1.15040808,0.861452833,2014-Apr-06,6/4/14,24.407,-0.449,0,0
0.8274,1.152984428,0.861026776,2014-Apr-05,5/4/14,23.41,-1.364,0,0
0.8325,1.153704883,0.860853462,2014-Apr-04,4/4/14,23.691,-1.002,0,0
0.8375,1.154469547,0.858929328,2014-Apr-03,3/4/14,23.933,-0.678,0,0
0.8426,1.154450763,0.856493023,2014-Apr-02,2/4/14,24.727,0.198,0,0
0.8476,1.156104701,0.853910443,2014-Apr-01,1/4/14,24.286,-0.162,0,0
0.8526,1.158570314,0.854026589,2014-Mar-31,31/3/14,24.028,-0.337,0,0
0.8577,1.154114468,0.852788525,2014-Mar-30,30/3/14,23.663,-0.62,0,0
0.8627,1.143655906,0.847758218,2014-Mar-29,29/3/14,23.853,-0.349,0,0
0.8678,1.131617743,0.838583844,2014-Mar-28,28/3/14,23.632,-0.488,0,0
0.8728,1.119686671,0.833749974,2014-Mar-27,27/3/14,23.165,-0.873,0,0
0.8779,1.113752815,0.82757936,2014-Mar-26,26/3/14,23.381,-0.575,0,0
0.8829,1.110363719,0.820802915,2014-Mar-25,25/3/14,23.202,-0.672,0,0
0.888,1.11026384,0.816655567,2014-Mar-24,24/3/14,22.799,-0.994,0,0
0.893,1.11087056,0.808168857,2014-Mar-23,23/3/14,23.61,-0.101,0,0
0.8981,1.112482244,0.797413816,2014-Mar-22,22/3/14,24.257,0.628,0,0
0.9031,1.112156384,0.791824665,2014-Mar-21,21/3/14,24.501,0.954,0,0
0.9081,1.109191529,0.787751493,2014-Mar-20,20/3/14,23.037,-0.428,0,0
0.9132,1.101496045,0.784762817,2014-Mar-19,19/3/14,23.711,0.327,0,0
0.9182,1.094029615,0.787389839,2014-Mar-18,18/3/14,23.611,0.309,0,0
0.9233,1.087080422,0.789715676,2014-Mar-17,17/3/14,22.909,-0.31,0,0
0.9283,1.086302582,0.790419584,2014-Mar-16,16/3/14,23.36,0.222,0,0
0.9334,1.084113673,0.791564382,2014-Mar-15,15/3/14,23.657,0.6,0,0
0.9384,1.079666894,0.794174796,2014-Mar-14,14/3/14,24.096,1.06,0,0
0.9435,1.079608926,0.797422139,2014-Mar-13,13/3/14,24.782,1.766,0,0
0.9485,1.080539441,0.797468844,2014-Mar-12,12/3/14,24.512,1.517,0,0
0.9536,1.07906506,0.799718907,2014-Mar-11,11/3/14,24.43,1.456,0,0
0.9586,1.075728562,0.803232858,2014-Mar-10,10/3/14,24.1,1.146,0,0
0.9636,1.07267754,0.806375931,2014-Mar-09,9/3/14,24.387,1.453,0,0
0.9687,1.070279293,0.813202586,2014-Mar-08,8/3/14,23.834,0.921,0,0
0.9737,1.067515957,0.822580636,2014-Mar-07,7/3/14,23.68,0.788,0,0
0.9788,1.067495814,0.824276392,2014-Mar-06,6/3/14,23.352,0.48,0,0
0.9838,1.067126834,0.824330762,2014-Mar-05,5/3/14,22.849,-0.002,0,0
0.9889,1.065394021,0.82063794,2014-Mar-04,4/3/14,23.49,0.659,0,0
0.9939,1.067239993,0.819060993,2014-Mar-03,3/3/14,22.977,0.167,0,0
0.999,1.070498541,0.819645589,2014-Mar-02,2/3/14,23.06,0.27,0,0
1.004,1.071134771,0.819012182,2014-Mar-01,1/3/14,23.273,0.503,0,0
1.009,1.072468065,0.823168347,2014-Feb-28,28/2/14,23.349,0.599,0,0
1.0141,1.074266615,0.82530577,2014-Feb-27,27/2/14,23.149,0.42,0,0
1.0191,1.070914684,0.826899555,2014-Feb-26,26/2/14,23.129,0.42,0,0
1.0242,1.068188809,0.828160914,2014-Feb-25,25/2/14,22.864,0.176,0,0
1.0292,1.072607672,0.828793925,2014-Feb-24,24/2/14,22.352,-0.316,0,0
1.0343,1.07841283,0.828237018,2014-Feb-23,23/2/14,22.528,-0.119,0,0
1.0393,1.082166934,0.822262879,2014-Feb-22,22/2/14,23.091,0.464,0,0
1.0444,1.082840179,0.815136489,2014-Feb-21,21/2/14,23.059,0.453,0,0
1.0494,1.076796378,0.808051306,2014-Feb-20,20/2/14,22.865,0.28,0,0
1.0545,1.071288498,0.804838845,2014-Feb-19,19/2/14,22.623,0.058,0,0
1.0595,1.068565077,0.80378193,2014-Feb-18,18/2/14,21.881,-0.664,0,0
1.0645,1.064185594,0.806039241,2014-Feb-17,17/2/14,22.677,0.153,0,0
1.0696,1.061253212,0.811778253,2014-Feb-16,16/2/14,22.734,0.231,0,0
1.0746,1.059164892,0.816724689,2014-Feb-15,15/2/14,22.565,0.082,0,0
1.0797,1.056695131,0.821657026,2014-Feb-14,14/2/14,22.099,-0.422,0,0
1.0847,1.050325395,0.825716481,2014-Feb-13,13/2/14,22.465,-0.093,0,0
1.0898,1.038916376,0.834559529,2014-Feb-12,12/2/14,22.446,-0.148,0,0
1.0948,1.021714105,0.846742536,2014-Feb-11,11/2/14,22.556,-0.076,0,0
1.0999,1.003840456,0.858749576,2014-Feb-10,10/2/14,22.41,-0.259,0,0
1.1049,0.981628067,0.866558154,2014-Feb-09,9/2/14,21.85,-0.856,0,0
1.11,0.965518636,0.870186163,2014-Feb-08,8/2/14,21.846,-0.898,0,0
1.115,0.950206702,0.871274437,2014-Feb-07,7/2/14,22.183,-0.598,0,0
1.12,0.934766987,0.870514235,2014-Feb-06,6/2/14,22.43,-0.388,0,0
1.1251,0.92641573,0.868892319,2014-Feb-05,5/2/14,22.665,-0.191,0,0
1.1301,0.921734792,0.87043205,2014-Feb-04,4/2/14,21.951,-0.942,0,0
1.1352,0.922333461,0.873014638,2014-Feb-03,3/2/14,22.746,-0.184,0,0
1.1402,0.929744477,0.875650424,2014-Feb-02,2/2/14,22.633,-0.335,0,0
1.1453,0.935743081,0.881469251,2014-Feb-01,1/2/14,23.103,0.099,0,0
1.1503,0.938918736,0.886380356,2014-Jan-31,31/1/14,23.033,-0.009,0,0
1.1554,0.94468932,0.889666172,2014-Jan-30,30/1/14,22.593,-0.487,0,0
1.1604,0.943644793,0.887097461,2014-Jan-29,29/1/14,23.207,0.091,0,0
1.1655,0.938082981,0.884221647,2014-Jan-28,28/1/14,23.034,-0.12,0,0
1.1705,0.933151372,0.880333965,2014-Jan-27,27/1/14,23.078,-0.113,0,0
1.1755,0.928302134,0.876998251,2014-Jan-26,26/1/14,22.597,-0.632,0,0
1.1806,0.923394812,0.873313707,2014-Jan-25,25/1/14,23.407,0.142,0,0
1.1856,0.918940668,0.871644129,2014-Jan-24,24/1/14,22.933,-0.37,0,0
1.1907,0.916032389,0.870883381,2014-Jan-23,23/1/14,22.87,-0.471,0,0
1.1957,0.915491442,0.872671219,2014-Jan-22,22/1/14,22.901,-0.477,0,0
1.2008,0.914329127,0.874692853,2014-Jan-21,21/1/14,22.496,-0.919,0,0
1.2058,0.913022123,0.872623915,2014-Jan-20,20/1/14,22.769,-0.683,0,0
1.2109,0.91145558,0.873058047,2014-Jan-19,19/1/14,22.663,-0.826,0,0
1.2159,0.914732618,0.875412025,2014-Jan-18,18/1/14,22.682,-0.844,0,0
1.2209,0.917906327,0.878852356,2014-Jan-17,17/1/14,22.66,-0.904,0,0
1.226,0.921303323,0.881987685,2014-Jan-16,16/1/14,22.896,-0.705,0,0
1.231,0.92403328,0.886362307,2014-Jan-15,15/1/14,23.304,-0.334,0,0
1.2361,0.926787479,0.892749467,2014-Jan-14,14/1/14,23.227,-0.462,0,0
1.2411,0.931821064,0.897722066,2014-Jan-13,13/1/14,22.978,-0.761,0,0
1.2462,0.932764134,0.900639805,2014-Jan-12,12/1/14,23.215,-0.575,0,0
1.2512,0.937089037,0.897718838,2014-Jan-11,11/1/14,22.567,-1.273,0,0
1.2563,0.943170203,0.897790821,2014-Jan-10,10/1/14,23.009,-0.883,0,0
1.2613,0.947270026,0.897949111,2014-Jan-09,9/1/14,23.482,-0.461,0,0
1.2664,0.948885226,0.901415268,2014-Jan-08,8/1/14,23.331,-0.662,0,0
1.2714,0.947655921,0.904266303,2014-Jan-07,7/1/14,23.581,-0.462,0,0
1.2764,0.946074898,0.906319453,2014-Jan-06,6/1/14,23.808,-0.286,0,0
1.2815,0.944354587,0.909207391,2014-Jan-05,5/1/14,24.277,0.132,0,0
1.2865,0.941068475,0.911416352,2014-Jan-04,4/1/14,23.997,-0.199,0,0
1.2916,0.937018705,0.914973789,2014-Jan-03,3/1/14,23.713,-0.533,0,0
1.2966,0.935010531,0.920689215,2014-Jan-02,2/1/14,23.434,-0.863,0,0
1.3017,0.934537593,0.927726974,2014-Jan-01,1/1/14,23.828,-0.519,0,0
1.3067,0.932338992,0.932668531,2013-Dec-31,31/12/13,23.912,-0.486,0,0
1.3118,0.930460331,0.937056978,2013-Dec-30,30/12/13,23.87,-0.578,0,0
1.3168,0.928114112,0.942500079,2013-Dec-29,29/12/13,23.874,-0.625,0,0
1.3219,0.922022,0.949342384,2013-Dec-28,28/12/13,24.276,-0.274,0,0
1.3269,0.915280659,0.959041852,2013-Dec-27,27/12/13,24.464,-0.137,0,0
1.3319,0.909929383,0.965850078,2013-Dec-26,26/12/13,24.336,-0.314,0,0
1.337,0.90362785,0.968513403,2013-Dec-25,25/12/13,24.251,-0.451,0,0
1.342,0.897145247,0.968318922,2013-Dec-24,24/12/13,24.252,-0.5,0,0
1.3471,0.891305971,0.965242228,2013-Dec-23,23/12/13,24.261,-0.542,0,0
1.3521,0.884762515,0.959485462,2013-Dec-22,22/12/13,24.179,-0.675,0,0
1.3572,0.880457425,0.951416426,2013-Dec-21,21/12/13,24.469,-0.435,0,0
1.3622,0.87773812,0.946481447,2013-Dec-20,20/12/13,24.306,-0.648,0,0
1.3673,0.875979843,0.945858493,2013-Dec-19,19/12/13,24.609,-0.397,0,0
1.3723,0.875779524,0.946610464,2013-Dec-18,18/12/13,24.892,-0.164,0,0
1.3774,0.876671932,0.948578973,2013-Dec-17,17/12/13,25.279,0.173,0,0
1.3824,0.885575383,0.951328449,2013-Dec-16,16/12/13,25.443,0.286,0,0
1.3874,0.892481917,0.960279982,2013-Dec-15,15/12/13,25.339,0.132,0,0
1.3925,0.896040973,0.970855955,2013-Dec-14,14/12/13,25.656,0.369,0,0
1.3975,0.8991273,0.984076327,2013-Dec-13,13/12/13,25.299,-0.068,0,0
1.4026,0.904032939,0.995864987,2013-Dec-12,12/12/13,25.203,-0.242,0,0
1.4076,0.910185097,1.005492008,2013-Dec-11,11/12/13,25.088,-0.436,0,0
1.4127,0.915406306,1.015682631,2013-Dec-10,10/12/13,25.62,0.016,0,0
1.4177,0.921953838,1.02689268,2013-Dec-09,9/12/13,26.007,0.324,0,0
1.4228,0.929949192,1.037372819,2013-Dec-08,8/12/13,25.886,0.123,0,0
1.4278,0.938286658,1.046344067,2013-Dec-07,7/12/13,26.323,0.482,0,0
1.4328,0.944408613,1.054036674,2013-Dec-06,6/12/13,26.426,0.505,0,0
1.4379,0.949124432,1.056776466,2013-Dec-05,5/12/13,26.384,0.384,0,0
1.4429,0.957176628,1.056834894,2013-Dec-04,4/12/13,26.551,0.471,0,0
1.448,0.960542767,1.052682219,2013-Dec-03,3/12/13,26.775,0.616,0,0
1.453,0.961757447,1.04605373,2013-Dec-02,2/12/13,26.689,0.451,0,0
1.4581,0.965881608,1.037720987,2013-Dec-01,1/12/13,26.46,0.142,0,0
1.4631,0.972296067,1.029545992,2013-Nov-30,30/11/13,26.747,0.351,0,0
1.4682,0.980549278,1.018923,2013-Nov-29,29/11/13,26.825,0.35,0,0
1.4732,0.981828638,1.005736763,2013-Nov-28,28/11/13,26.596,0.041,0,0
1.4783,0.981018214,0.995085858,2013-Nov-27,27/11/13,26.6,-0.034,0,0
1.4833,0.980100879,0.985085991,2013-Nov-26,26/11/13,26.49,-0.224,0,0
1.4883,0.97866801,0.977531394,2013-Nov-25,25/11/13,26.491,-0.302,0,0
1.4934,0.979603592,0.968668771,2013-Nov-24,24/11/13,26.685,-0.187,0,0
1.4984,0.983121069,0.96207734,2013-Nov-23,23/11/13,26.955,0.004,0,0
1.5035,0.985265295,0.957092843,2013-Nov-22,22/11/13,27.275,0.245,0,0
1.5085,0.98944957,0.947854702,2013-Nov-21,21/11/13,27.371,0.262,0,0
1.5136,0.99680127,0.94305454,2013-Nov-20,20/11/13,28.117,0.928,0,0
1.5186,1.002064572,0.940789997,2013-Nov-19,19/11/13,28.128,0.86,0,0
1.5237,1.009045209,0.944890115,2013-Nov-18,18/11/13,27.789,0.441,0,0
1.5287,1.015332003,0.947539045,2013-Nov-17,17/11/13,28.093,0.666,0,0
1.5338,1.024114523,0.949409337,2013-Nov-16,16/11/13,28.224,0.718,0,0
1.5388,1.030004232,0.951556275,2013-Nov-15,15/11/13,28.199,0.614,0,0
1.5438,1.031247288,0.955717068,2013-Nov-14,14/11/13,28.691,1.022,0,0
1.5489,1.03632503,0.960399636,2013-Nov-13,13/11/13,28.908,1.154,0,0
1.5539,1.039587952,0.970541488,2013-Nov-12,12/11/13,28.901,1.063,0,0
1.559,1.042460966,0.97852173,2013-Nov-11,11/11/13,29.291,1.369,0,0
1.564,1.044571715,0.985538932,2013-Nov-10,10/11/13,29.411,1.405,0,0
1.5691,1.047853826,0.993697843,2013-Nov-09,9/11/13,29.627,1.537,0,0
1.5741,1.049847604,1.000390733,2013-Nov-08,8/11/13,29.258,1.084,0,0
1.5792,1.050603262,1.007579997,2013-Nov-07,7/11/13,29.093,0.835,0,0
1.5842,1.053588648,1.018496284,2013-Nov-06,6/11/13,29.279,0.937,0,0
1.5893,1.057024952,1.026304481,2013-Nov-05,5/11/13,29.541,1.115,0,0
1.5943,1.061057674,1.034638575,2013-Nov-04,4/11/13,30.249,1.738,0,0
1.5993,1.067781749,1.041767779,2013-Nov-03,3/11/13,30.26,1.666,0,0
1.6044,1.075040233,1.047761858,2013-Nov-02,2/11/13,30.191,1.512,0,0
1.6094,1.079742527,1.053855876,2013-Nov-01,1/11/13,30.335,1.572,0,0
1.6145,1.082845623,1.055860471,2013-Oct-31,31/10/13,30.133,1.287,0,0
1.6195,1.084864029,1.058441844,2013-Oct-30,30/10/13,30.291,1.36,0,0
1.6246,1.085767344,1.061397387,2013-Oct-29,29/10/13,30.458,1.443,0,0
1.6296,1.089976521,1.054096521,2013-Oct-28,28/10/13,30.8,1.701,0,0
1.6347,1.093823158,1.050074428,2013-Oct-27,27/10/13,30.742,1.559,0,0
1.6397,1.0908213,1.051993467,2013-Oct-26,26/10/13,30.835,1.568,0,0
1.6448,1.089815557,1.047680653,2013-Oct-25,25/10/13,30.883,1.532,0,0
1.6498,1.090107589,1.045975419,2013-Oct-24,24/10/13,30.42,0.985,0,0
1.6548,1.091663998,1.045344597,2013-Oct-23,23/10/13,30.408,0.889,0,0
1.6599,1.093854102,1.051089684,2013-Oct-22,22/10/13,31.014,1.41,0,0
1.6649,1.098855341,1.057519675,2013-Oct-21,21/10/13,31.082,1.394,0,0
1.67,1.103667177,1.064162735,2013-Oct-20,20/10/13,31.045,1.273,0,0
1.675,1.10823852,1.0743113,2013-Oct-19,19/10/13,31.103,1.247,0,0
1.6801,1.110253239,1.085752293,2013-Oct-18,18/10/13,31.178,1.238,0,0
1.6851,1.112155468,1.098406398,2013-Oct-17,17/10/13,31.205,1.181,0,0
1.6902,1.115443584,1.105380788,2013-Oct-16,16/10/13,31.234,1.126,0,0
1.6952,1.116670783,1.112185373,2013-Oct-15,15/10/13,31.114,0.922,0,0
1.7002,1.120591066,1.121759208,2013-Oct-14,14/10/13,31.194,0.979,0,0
1.7053,1.122141446,1.128667972,2013-Oct-13,13/10/13,31.335,1.096,0,0
1.7103,1.122812961,1.133613867,2013-Oct-12,12/10/13,30.541,0.28,0,0
1.7154,1.123185267,1.138467525,2013-Oct-11,11/10/13,31.395,1.111,0,0
1.7204,1.123768158,1.136439949,2013-Oct-10,10/10/13,30.663,0.356,0,0
1.7255,1.124321715,1.129863189,2013-Oct-09,9/10/13,30.757,0.427,0,0
1.7305,1.123518791,1.12150098,2013-Oct-08,8/10/13,31.078,0.726,0,0
1.7356,1.125610295,1.108898877,2013-Oct-07,7/10/13,31.289,0.913,0,0
1.7406,1.134239194,1.101512605,2013-Oct-06,6/10/13,31.631,1.232,0,0
1.7457,1.141373402,1.099637675,2013-Oct-05,5/10/13,31.198,0.777,0,0
1.7507,1.149818218,1.099889007,2013-Oct-04,4/10/13,31.091,0.647,0,0
1.7557,1.157742906,1.099989163,2013-Oct-03,3/10/13,30.718,0.251,0,0
1.7608,1.166861177,1.09939856,2013-Oct-02,2/10/13,30.741,0.251,0,0
1.7658,1.174607892,1.09982711,2013-Oct-01,1/10/13,30.777,0.264,0,0
1.7709,1.180776548,1.101150456,2013-Sep-30,30/9/13,29.53,-1.006,0,0
1.7759,1.185853053,1.100473888,2013-Sep-29,29/9/13,30.489,-0.07,0,0
1.781,1.186503403,1.099276119,2013-Sep-28,28/9/13,31.283,0.701,0,0
1.786,1.185449,1.097424264,2013-Sep-27,27/9/13,31.184,0.579,0,0
1.7911,1.183150937,1.09463218,2013-Sep-26,26/9/13,30.737,0.11,0,0
1.7961,1.176474308,1.090217148,2013-Sep-25,25/9/13,30.926,0.275,0,0
1.8012,1.166903395,1.087150856,2013-Sep-24,24/9/13,31.147,0.474,0,0
1.8062,1.157085222,1.086810695,2013-Sep-23,23/9/13,31.532,0.835,0,0
1.8112,1.146842195,1.090468022,2013-Sep-22,22/9/13,31.223,0.504,0,0
1.8163,1.138814965,1.098277696,2013-Sep-21,21/9/13,31.68,0.938,0,0
1.8213,1.131946428,1.108216806,2013-Sep-20,20/9/13,31.557,0.792,0,0
1.8264,1.129770227,1.121577823,2013-Sep-19,19/9/13,31.527,0.739,0,0
1.8314,1.130068363,1.133338382,2013-Sep-18,18/9/13,31.092,0.281,0,0
1.8365,1.14061973,1.144181309,2013-Sep-17,17/9/13,31.601,0.768,0,0
1.8415,1.152213982,1.15360947,2013-Sep-16,16/9/13,31.194,0.337,0,0
1.8466,1.164932939,1.160889645,2013-Sep-15,15/9/13,30.743,-0.137,0,0
1.8516,1.173779734,1.165825429,2013-Sep-14,14/9/13,30.013,-0.895,0,0
1.8567,1.178422773,1.168528964,2013-Sep-13,13/9/13,29.223,-1.713,0,0
1.8617,1.178669137,1.171318821,2013-Sep-12,12/9/13,28.873,-2.092,0,0
1.8667,1.17597259,1.17210165,2013-Sep-11,11/9/13,29.105,-1.888,0,0
1.8718,1.172191234,1.15975104,2013-Sep-10,10/9/13,30.327,-0.695,0,0
1.8768,1.167368161,1.151350295,2013-Sep-09,9/9/13,29.146,-1.905,0,0
1.8819,1.163811743,1.144713487,2013-Sep-08,8/9/13,29.658,-1.421,0,0
1.8869,1.160799783,1.133125348,2013-Sep-07,7/9/13,30.07,-1.037,0,0
1.892,1.155467454,1.125867253,2013-Sep-06,6/9/13,30.222,-0.914,0,0
1.897,1.152551036,1.118721971,2013-Sep-05,5/9/13,30.221,-0.943,0,0
1.9021,1.14969081,1.113216797,2013-Sep-04,4/9/13,30.626,-0.567,0,0
1.9071,1.14745141,1.109051088,2013-Sep-03,3/9/13,30.645,-0.575,0,0
1.9121,1.150092558,1.106001188,2013-Sep-02,2/9/13,30.087,-1.162,0,0
1.9172,1.150288804,1.109183548,2013-Sep-01,1/9/13,30.67,-0.608,0,0
1.9222,1.150265218,1.108488654,2013-Aug-31,31/8/13,30.512,-0.794,0,0
1.9273,1.154021877,1.106899901,2013-Aug-30,30/8/13,30.121,-1.213,0,0
1.9323,1.156304573,1.109030667,2013-Aug-29,29/8/13,30.388,-0.975,0,0
1.9374,1.15661251,1.108460968,2013-Aug-28,28/8/13,30.518,-0.873,0,0
1.9424,1.16328526,1.104426352,2013-Aug-27,27/8/13,31.242,-0.178,0,0
1.9475,1.16641728,1.108313987,2013-Aug-26,26/8/13,31.212,-0.236,0,0
1.9525,1.165053301,1.110225883,2013-Aug-25,25/8/13,30.745,-0.732,0,0
1.9576,1.165897891,1.110709472,2013-Aug-24,24/8/13,31.146,-0.359,0,0
1.9626,1.164247451,1.117975639,2013-Aug-23,23/8/13,30.805,-0.729,0,0
1.9676,1.162662545,1.1241293,2013-Aug-22,22/8/13,30.607,-0.956,0,0
1.9727,1.16671581,1.129544971,2013-Aug-21,21/8/13,30.548,-1.043,0,0
1.9777,1.169082593,1.127489759,2013-Aug-20,20/8/13,30.5,-1.119,0,0
1.9828,1.169247779,1.121231991,2013-Aug-19,19/8/13,30.824,-0.823,0,0
1.9878,1.16597976,1.113262129,2013-Aug-18,18/8/13,30.866,-0.81,0,0
1.9929,1.163007204,1.10019794,2013-Aug-17,17/8/13,30.2,-1.505,0,0
1.9979,1.160598604,1.086351367,2013-Aug-16,16/8/13,30.722,-1.011,0,0
2.003,1.159980256,1.07506225,2013-Aug-15,15/8/13,30.733,-1.028,0,0
2.008,1.159529869,1.065637387,2013-Aug-14,14/8/13,31.409,-0.377,0,0
2.0131,1.158559952,1.055473574,2013-Aug-13,13/8/13,30.467,-1.344,0,0
2.0181,1.156326241,1.046565102,2013-Aug-12,12/8/13,30.134,-1.701,0,0
2.0231,1.153661261,1.041783366,2013-Aug-11,11/8/13,30.669,-1.191,0,0
2.0282,1.148754743,1.040507945,2013-Aug-10,10/8/13,30.612,-1.273,0,0
2.0332,1.144232515,1.041539764,2013-Aug-09,9/8/13,32.795,0.885,0.265,0
2.0383,1.140033954,1.04275467,2013-Aug-08,8/8/13,31.15,-0.785,0,0
2.0433,1.135466162,1.043269262,2013-Aug-07,7/8/13,30.968,-0.992,0,0
2.0484,1.12839625,1.041309862,2013-Aug-06,6/8/13,31.255,-0.729,0,0
2.0534,1.121954951,1.04045052,2013-Aug-05,5/8/13,31.296,-0.713,0,0
2.0585,1.117046734,1.041805397,2013-Aug-04,4/8/13,30.829,-1.205,0,0
2.0635,1.113875722,1.045457914,2013-Aug-03,3/8/13,30.655,-1.404,0,0
2.0686,1.110170406,1.046002349,2013-Aug-02,2/8/13,30.527,-1.557,0,0
2.0736,1.106780046,1.045555166,2013-Aug-01,1/8/13,30.563,-1.545,0,0
2.0786,1.108848252,1.045852206,2013-Jul-31,31/7/13,30.631,-1.503,0,0
2.0837,1.110436526,1.04048296,2013-Jul-30,30/7/13,29.909,-2.249,0,0
2.0887,1.112995179,1.036487176,2013-Jul-29,29/7/13,29.33,-2.853,0,0
2.0938,1.117115391,1.034219852,2013-Jul-28,28/7/13,30.533,-1.674,0,0
2.0988,1.123255474,1.031928473,2013-Jul-27,27/7/13,31.161,-1.072,0,0
2.1039,1.131724513,1.028539559,2013-Jul-26,26/7/13,31.039,-1.218,0,0
2.1089,1.13253403,1.026647327,2013-Jul-25,25/7/13,30.572,-1.71,0,0
2.114,1.132225133,1.028046157,2013-Jul-24,24/7/13,30.375,-1.932,0,0
2.119,1.131565202,1.031097403,2013-Jul-23,23/7/13,30.254,-2.078,0,0
2.124,1.120229113,1.034829023,2013-Jul-22,22/7/13,30.381,-1.976,0,0
2.1291,1.110430188,1.041503735,2013-Jul-21,21/7/13,30.138,-2.244,0,0
2.1341,1.100963802,1.045832615,2013-Jul-20,20/7/13,30.491,-1.915,0,0
2.1392,1.095388625,1.04406425,2013-Jul-19,19/7/13,30.613,-1.819,0,0
2.1442,1.092415365,1.043421421,2013-Jul-18,18/7/13,31.003,-1.453,0,0
2.1493,1.090691995,1.046439482,2013-Jul-17,17/7/13,31.005,-1.476,0,0
2.1543,1.085106255,1.047744086,2013-Jul-16,16/7/13,30.687,-1.819,0,0
2.1594,1.08003449,1.044269631,2013-Jul-15,15/7/13,30.871,-1.659,0,0
2.1644,1.076040933,1.035908323,2013-Jul-14,14/7/13,31.261,-1.231,0,0
2.1695,1.074988113,1.024202178,2013-Jul-13,13/7/13,31.148,-1.305,0,0
2.1745,1.072336028,1.014063315,2013-Jul-12,12/7/13,31.229,-1.185,0,0
2.1795,1.066899022,1.005280369,2013-Jul-11,11/7/13,31.237,-1.138,0,0
2.1846,1.059486929,0.99728272,2013-Jul-10,10/7/13,30.792,-1.544,0,0
2.1896,1.052008444,0.988874875,2013-Jul-09,9/7/13,31.671,-0.627,0,0
2.1947,1.043400301,0.983403163,2013-Jul-08,8/7/13,30.995,-1.264,0,0
2.1997,1.03394753,0.981800494,2013-Jul-07,7/7/13,31.537,-0.683,0,0
2.2048,1.02194932,0.9839001,2013-Jul-06,6/7/13,31.706,-0.474,0,0
2.2098,1.008717703,0.988460479,2013-Jul-05,5/7/13,31.945,-0.197,0,0
2.2149,0.99064842,0.995942639,2013-Jul-04,4/7/13,31.857,-0.246,0,0
2.2199,0.977197692,1.005224054,2013-Jul-03,3/7/13,31.54,-0.524,0,0
2.225,0.968218116,1.011117294,2013-Jul-02,2/7/13,31.844,-0.182,0,0
2.23,0.966409093,1.014944561,2013-Jul-01,1/7/13,31.576,-0.411,0,0
2.235,0.966550222,1.016528062,2013-Jun-30,30/6/13,31.607,-0.34,0,0
2.2401,0.966984333,1.018560022,2013-Jun-29,29/6/13,31.516,-0.392,0,0
2.2451,0.968052708,1.023684476,2013-Jun-28,28/6/13,31.599,-0.27,0,0
2.2502,0.971083639,1.018096113,2013-Jun-27,27/6/13,31.214,-0.617,0,0
2.2552,0.974722768,1.015206122,2013-Jun-26,26/6/13,31.041,-0.75,0,0
2.2603,0.976325786,1.012157683,2013-Jun-25,25/6/13,30.761,-0.992,0,0
2.2653,0.980753915,1.013385525,2013-Jun-24,24/6/13,31.946,0.232,0,0
2.2704,0.98677552,1.016317399,2013-Jun-23,23/6/13,31.633,-0.043,0,0
2.2754,0.995171659,1.02330594,2013-Jun-22,22/6/13,31.396,-0.24,0,0
2.2805,1.001430783,1.030626666,2013-Jun-21,21/6/13,31.486,-0.111,0,0
2.2855,1.007320262,1.038060991,2013-Jun-20,20/6/13,30.862,-0.696,0,0
2.2905,1.010936515,1.048225653,2013-Jun-19,19/6/13,31.549,0.03,0,0
2.2956,1.017107356,1.064731611,2013-Jun-18,18/6/13,32.331,0.85,0,0
2.3006,1.024399716,1.083176185,2013-Jun-17,17/6/13,31.881,0.439,0,0
2.3057,1.022206356,1.101436331,2013-Jun-16,16/6/13,31.652,0.249,0,0
2.3107,1.020529903,1.11335985,2013-Jun-15,15/6/13,32.141,0.777,0,0
2.3158,1.017588356,1.122211366,2013-Jun-14,14/6/13,31.163,-0.122,0,0
2.3208,1.010929936,1.126933882,2013-Jun-13,13/6/13,31.138,-0.066,0,0
2.3259,1.003450397,1.118124309,2013-Jun-12,12/6/13,31.285,0.161,0,0
2.3309,0.994385714,1.102834314,2013-Jun-11,11/6/13,32.039,0.995,0,0
2.3359,0.990624745,1.084769991,2013-Jun-10,10/6/13,31.367,0.402,0,0
2.341,0.987489325,1.057505151,2013-Jun-09,9/6/13,31.421,0.536,0,0
2.346,0.985170129,1.031532429,2013-Jun-08,8/6/13,31.612,0.807,0,0
2.3511,0.985759278,1.005318304,2013-Jun-07,7/6/13,31.866,1.142,0,0
2.3561,0.988529001,0.982238052,2013-Jun-06,6/6/13,31.006,0.361,0,0
2.3612,0.990391424,0.963079129,2013-Jun-05,5/6/13,31.591,1.026,0,0
2.3662,0.994207509,0.947561784,2013-Jun-04,4/6/13,31.829,1.344,0,0
2.3713,0.994467968,0.939628697,2013-Jun-03,3/6/13,30.352,-0.053,0,0
2.3763,0.991353632,0.93311016,2013-Jun-02,2/6/13,30.406,0.081,0,0
2.3814,0.991140263,0.928145261,2013-Jun-01,1/6/13,30.608,0.363,0,0
2.3864,0.990837198,0.925724102,2013-May-31,31/5/13,29.928,-0.237,0,0
2.3914,0.989532003,0.920966087,2013-May-30,30/5/13,29.834,-0.251,0,0
2.3965,0.985151274,0.916898738,2013-May-29,29/5/13,29.622,-0.383,0,0
2.4015,0.979090199,0.913750727,2013-May-28,28/5/13,29.542,-0.383,0,0
2.4066,0.971815044,0.911864794,2013-May-27,27/5/13,29.38,-0.465,0,0
2.4116,0.961710408,0.908534752,2013-May-26,26/5/13,29.683,-0.082,0,0
2.4167,0.952985216,0.897959344,2013-May-25,25/5/13,29.063,-0.622,0,0
2.4217,0.946409679,0.886775331,2013-May-24,24/5/13,28.897,-0.708,0,0
2.4268,0.941086602,0.877426235,2013-May-23,23/5/13,29.219,-0.306,0,0
2.4318,0.936735775,0.86662311,2013-May-22,22/5/13,29.142,-0.303,0,0
2.4369,0.930232879,0.857975207,2013-May-21,21/5/13,29.439,0.073,0,0
2.4419,0.920124784,0.853265234,2013-May-20,20/5/13,29.373,0.088,0,0
2.4469,0.916588865,0.852693252,2013-May-19,19/5/13,29.05,-0.155,0,0
2.452,0.917030144,0.85424219,2013-May-18,18/5/13,28.835,-0.29,0,0
2.457,0.922527524,0.85574889,2013-May-17,17/5/13,29.511,0.466,0,0
2.4621,0.929832519,0.860113715,2013-May-16,16/5/13,29.781,0.816,0,0
2.4671,0.935987328,0.864586092,2013-May-15,15/5/13,29.19,0.304,0,0
2.4722,0.942402568,0.870362605,2013-May-14,14/5/13,27.968,-0.808,0,0
2.4772,0.946882746,0.880330597,2013-May-13,13/5/13,29.452,0.786,0,0
2.4823,0.94888871,0.889430073,2013-May-12,12/5/13,29.259,0.703,0,0
2.4873,0.94954337,0.898912637,2013-May-11,11/5/13,28.097,-0.35,0,0
2.4924,0.948115664,0.906531954,2013-May-10,10/5/13,27.544,-0.792,0,0
2.4974,0.945983977,0.910816756,2013-May-09,9/5/13,26.791,-1.436,0,0
2.5024,0.943950715,0.91367959,2013-May-08,8/5/13,27.54,-0.577,0,0
2.5075,0.944619842,0.920246651,2013-May-07,7/5/13,27.222,-0.785,0,0
2.5125,0.9464181,0.923762133,2013-May-06,6/5/13,27.049,-0.848,0,0
2.5176,0.945296379,0.926522458,2013-May-05,5/5/13,27.372,-0.416,0,0
2.5226,0.945501053,0.928557218,2013-May-04,4/5/13,27.618,-0.06,0,0
2.5277,0.945860872,0.932621618,2013-May-03,3/5/13,27.599,0.031,0,0
2.5327,0.941283719,0.937022554,2013-May-02,2/5/13,27.191,-0.268,0,0
2.5378,0.935951218,0.93872208,2013-May-01,1/5/13,27.622,0.273,0,0
2.5428,0.929824884,0.938659999,2013-Apr-30,30/4/13,27.968,0.729,0,0
2.5478,0.933259383,0.936785879,2013-Apr-29,29/4/13,27.167,0.038,0,0
2.5529,0.932581576,0.938563862,2013-Apr-28,28/4/13,25.676,-1.343,0,0
2.5579,0.92983248,0.940735635,2013-Apr-27,27/4/13,26.483,-0.426,0,0
2.563,0.926730896,0.942588965,2013-Apr-26,26/4/13,26.649,-0.151,0,0
2.568,0.923436512,0.949394335,2013-Apr-25,25/4/13,26.633,-0.057,0,0
2.5731,0.919148593,0.954824118,2013-Apr-24,24/4/13,26.749,0.169,0,0
2.5781,0.916500187,0.959112572,2013-Apr-23,23/4/13,26.849,0.378,0,0
2.5832,0.912004777,0.958943867,2013-Apr-22,22/4/13,27.166,0.805,0,0
2.5882,0.908716712,0.957211363,2013-Apr-21,21/4/13,27.915,1.664,0,0
2.5933,0.901480992,0.955153268,2013-Apr-20,20/4/13,28.491,2.35,0,0
2.5983,0.894476435,0.955669745,2013-Apr-19,19/4/13,28.16,2.128,0,0
2.6033,0.886507884,0.954381943,2013-Apr-18,18/4/13,27.726,1.804,0,0
2.6084,0.883853067,0.952922645,2013-Apr-17,17/4/13,28.499,2.687,0,0
2.6134,0.880635448,0.951309385,2013-Apr-16,16/4/13,29.332,3.629,0,0
2.6185,0.875526719,0.948924939,2013-Apr-15,15/4/13,28.403,2.81,0,0
2.6235,0.870407229,0.946748008,2013-Apr-14,14/4/13,27.587,2.077,0,0
2.6286,0.864402191,0.945013788,2013-Apr-13,13/4/13,26.601,1.173,0,0
2.6336,0.857499647,0.944800062,2013-Apr-12,12/4/13,26.097,0.749,0,0
2.6387,0.85682494,0.946059745,2013-Apr-11,11/4/13,26.183,0.918,0,0
2.6437,0.857656618,0.945590124,2013-Apr-10,10/4/13,27.031,1.847,0,0
2.6488,0.861387683,0.944945694,2013-Apr-09,9/4/13,25.856,0.754,0,0
2.6538,0.865857174,0.943111234,2013-Apr-08,8/4/13,25.386,0.367,0,0
2.6588,0.873088761,0.939887727,2013-Apr-07,7/4/13,25.153,0.215,0,0
2.6639,0.882901451,0.940583267,2013-Apr-06,6/4/13,25.66,0.804,0,0
2.6689,0.891958277,0.944015291,2013-Apr-05,5/4/13,25.949,1.175,0,0
2.674,0.899856947,0.944917985,2013-Apr-04,4/4/13,25.685,0.993,0,0
2.679,0.907120369,0.947152582,2013-Apr-03,3/4/13,26.608,1.998,0,0
2.6841,0.911019554,0.947862698,2013-Apr-02,2/4/13,26.732,2.203,0,0
2.6891,0.915639231,0.952113037,2013-Apr-01,1/4/13,26.053,1.606,0,0
2.6942,0.921844183,0.957466345,2013-Mar-31,31/3/13,26.293,1.927,0,0
2.6992,0.927369274,0.963977316,2013-Mar-30,30/3/13,25.67,1.387,0,0
2.7043,0.934823396,0.968527517,2013-Mar-29,29/3/13,25.868,1.667,0,0
2.7093,0.944224024,0.974152009,2013-Mar-28,28/3/13,25.035,0.915,0,0
2.7143,0.946963441,0.980147222,2013-Mar-27,27/3/13,24.724,0.686,0,0
2.7194,0.946129044,0.981053608,2013-Mar-26,26/3/13,24.655,0.699,0,0
2.7244,0.942836279,0.982053851,2013-Mar-25,25/3/13,24.76,0.886,0,0
2.7295,0.940209157,0.98352904,2013-Mar-24,24/3/13,24.949,1.157,0,0
2.7345,0.939655175,0.98406757,2013-Mar-23,23/3/13,25.449,1.738,0,0
2.7396,0.940272887,0.984312363,2013-Mar-22,22/3/13,24.729,1.1,0,0
2.7446,0.946272688,0.98241279,2013-Mar-21,21/3/13,25.097,1.549,0,0
2.7497,0.95098243,0.985103827,2013-Mar-20,20/3/13,25.909,2.444,0,0
2.7547,0.956030021,0.986588339,2013-Mar-19,19/3/13,25.379,1.996,0,0
2.7597,0.964792392,0.986292977,2013-Mar-18,18/3/13,25.521,2.22,0,0
2.7648,0.971157599,0.982643054,2013-Mar-17,17/3/13,25.304,2.084,0,0
2.7698,0.977581891,0.978413604,2013-Mar-16,16/3/13,25.067,1.929,0,0
2.7749,0.984602365,0.976256464,2013-Mar-15,15/3/13,25.158,2.102,0,0
2.7799,0.990196565,0.973051879,2013-Mar-14,14/3/13,25.25,2.215,0,0
2.785,0.996775237,0.969081126,2013-Mar-13,13/3/13,24.441,1.426,0,0
2.79,0.999603277,0.964472802,2013-Mar-12,12/3/13,23.998,1.003,0,0
2.7951,1.004664294,0.96406913,2013-Mar-11,11/3/13,24.075,1.101,0,0
2.8001,1.009910264,0.964962884,2013-Mar-10,10/3/13,23.981,1.027,0,0
2.8052,1.022932257,0.966408789,2013-Mar-09,9/3/13,24.085,1.152,0,0
2.8102,1.03328964,0.972283731,2013-Mar-08,8/3/13,24.241,1.328,0,0
2.8152,1.042012381,0.976126474,2013-Mar-07,7/3/13,24.517,1.625,0,0
2.8203,1.050249444,0.980707937,2013-Mar-06,6/3/13,24.064,1.192,0,0
2.8253,1.059154896,0.984025109,2013-Mar-05,5/3/13,24.224,1.373,0,0
2.8304,1.067183381,0.989721758,2013-Mar-04,4/3/13,24.738,1.907,0,0
2.8354,1.070508016,0.997101778,2013-Mar-03,3/3/13,24.194,1.383,0,0
2.8405,1.075897448,1.005959022,2013-Mar-02,2/3/13,23.95,1.159,0,0
2.8455,1.085866769,1.014934073,2013-Mar-01,1/3/13,23.703,0.933,0,0
2.8506,1.092748589,1.024252354,2013-Feb-28,28/2/13,23.351,0.602,0,0
2.8556,1.099511728,1.039142313,2013-Feb-27,27/2/13,23.257,0.528,0,0
2.8607,1.10585229,1.051519061,2013-Feb-26,26/2/13,22.829,0.121,0,0
2.8657,1.115296853,1.062080554,2013-Feb-25,25/2/13,22.727,0.039,0,0
2.8707,1.119362156,1.069294058,2013-Feb-24,24/2/13,23.139,0.471,0,0
2.8758,1.120943878,1.078971692,2013-Feb-23,23/2/13,23.53,0.883,0,0
2.8808,1.128490084,1.093733621,2013-Feb-22,22/2/13,22.836,0.21,0,0
2.8859,1.13299948,1.098965092,2013-Feb-21,21/2/13,23.517,0.912,0,0
2.8909,1.137947638,1.107047715,2013-Feb-20,20/2/13,23.524,0.938,0,0
2.896,1.135229392,1.115907237,2013-Feb-19,19/2/13,23.226,0.662,0,0
2.901,1.130510135,1.122429893,2013-Feb-18,18/2/13,23.265,0.72,0,0
2.9061,1.124693007,1.126368199,2013-Feb-17,17/2/13,23.502,0.978,0,0
2.9111,1.125157217,1.12794942,2013-Feb-16,16/2/13,23.635,1.131,0,0
2.9162,1.125676128,1.126434617,2013-Feb-15,15/2/13,23.511,1.028,0,0
2.9212,1.127641547,1.126113973,2013-Feb-14,14/2/13,23.662,1.142,0,0
2.9262,1.132417242,1.128032634,2013-Feb-13,13/2/13,23.367,0.809,0,0
2.9313,1.135564551,1.130893414,2013-Feb-12,12/2/13,23.483,0.889,0,0
2.9363,1.13653155,1.132077506,2013-Feb-11,11/2/13,23.331,0.699,0,0
2.9414,1.136945464,1.130833602,2013-Feb-10,10/2/13,23.348,0.678,0,0
2.9464,1.135657562,1.130692321,2013-Feb-09,9/2/13,22.876,0.17,0,0
2.9515,1.133253346,1.126840038,2013-Feb-08,8/2/13,23.22,0.476,0,0
2.9565,1.12593079,1.118199991,2013-Feb-07,7/2/13,23.42,0.639,0,0
2.9616,1.119505302,1.120820812,2013-Feb-06,6/2/13,23.445,0.627,0,0
2.9666,1.113171689,1.125889031,2013-Feb-05,5/2/13,23.169,0.314,0,0
2.9716,1.109047889,1.130501449,2013-Feb-04,4/2/13,22.835,-0.058,0,0
2.9767,1.106097645,1.132478548,2013-Feb-03,3/2/13,23.26,0.33,0,0
2.9817,1.103443107,1.13542012,2013-Feb-02,2/2/13,22.583,-0.384,0,0
2.9868,1.100292247,1.141194867,2013-Feb-01,1/2/13,23.048,0.043,0,0
2.9918,1.099847832,1.148187946,2013-Jan-31,31/1/13,23.182,0.14,0,0
2.9969,1.104735032,1.156414943,2013-Jan-30,30/1/13,23.939,0.859,0,0
3.0019,1.110422547,1.165365805,2013-Jan-29,29/1/13,23.694,0.577,0,0
3.007,1.116545319,1.179979633,2013-Jan-28,28/1/13,24.496,1.342,0,0
3.012,1.120256961,1.193211718,2013-Jan-27,27/1/13,23.305,0.114,0,0
3.0171,1.12361044,1.203196585,2013-Jan-26,26/1/13,23.462,0.234,0,0
3.0221,1.122775945,1.209406067,2013-Jan-25,25/1/13,23.259,-0.007,0,0
3.0271,1.114053491,1.212516762,2013-Jan-24,24/1/13,23.343,0.04,0,0
3.0322,1.112014589,1.214746522,2013-Jan-23,23/1/13,23.37,0.03,0,0
3.0372,1.10794141,1.21735507,2013-Jan-22,22/1/13,23.327,-0.051,0,0
3.0423,1.103825092,1.21794632,2013-Jan-21,21/1/13,22.852,-0.562,0,0
3.0473,1.096115505,1.214674482,2013-Jan-20,20/1/13,23.664,0.212,0,0
3.0524,1.092010479,1.216104931,2013-Jan-19,19/1/13,23.71,0.22,0,0
3.0574,1.089078578,1.212183589,2013-Jan-18,18/1/13,23.56,0.033,0,0
3.0625,1.086012539,1.206180993,2013-Jan-17,17/1/13,23.462,-0.101,0,0
3.0675,1.087961182,1.196421015,2013-Jan-16,16/1/13,23.401,-0.2,0,0
3.0726,1.091156269,1.18960374,2013-Jan-15,15/1/13,23.417,-0.222,0,0
3.0776,1.09356676,1.183002393,2013-Jan-14,14/1/13,23.467,-0.222,0,0
3.0826,1.092981748,1.176082121,2013-Jan-13,13/1/13,23.335,-0.405,0,0
3.0877,1.089849449,1.169965034,2013-Jan-12,12/1/13,23.363,-0.427,0,0
3.0927,1.085070439,1.163124634,2013-Jan-11,11/1/13,24.084,0.243,0,0
3.0978,1.077272547,1.15575546,2013-Jan-10,10/1/13,23.26,-0.631,0,0
3.1028,1.068155039,1.152135974,2013-Jan-09,9/1/13,24.286,0.344,0,0
3.1079,1.056847995,1.15054423,2013-Jan-08,8/1/13,23.796,-0.197,0,0
3.1129,1.049104818,1.157506697,2013-Jan-07,7/1/13,24.363,0.32,0,0
3.118,1.041552549,1.160059806,2013-Jan-06,6/1/13,24.207,0.113,0,0
3.123,1.034178445,1.159514309,2013-Jan-05,5/1/13,24.245,0.1,0,0
3.1281,1.027970161,1.165719308,2013-Jan-04,4/1/13,23.938,-0.257,0,0
3.1331,1.024320771,1.173245356,2013-Jan-03,3/1/13,23.785,-0.461,0,0
3.1381,1.023057587,1.1832005,2013-Jan-02,2/1/13,23.976,-0.32,0,0
3.1432,1.023229957,1.199616623,2013-Jan-01,1/1/13,24.12,-0.228,0,0
3.1482,1.02359311,1.218974399,2012-Dec-31,31/12/12,24.332,-0.066,0,0
3.1533,1.02361964,1.240187706,2012-Dec-30,30/12/12,24.236,-0.213,0,0
3.1583,1.026187753,1.256371728,2012-Dec-29,29/12/12,24.334,-0.165,0,0
3.1634,1.030802749,1.267105809,2012-Dec-28,28/12/12,23.703,-0.846,0,0
3.1684,1.036528116,1.274502696,2012-Dec-27,27/12/12,24.539,-0.062,0,0
3.1735,1.038666719,1.276029905,2012-Dec-26,26/12/12,24.858,0.207,0,0
3.1785,1.037985698,1.276879474,2012-Dec-25,25/12/12,25.245,0.544,0,0
3.1835,1.028489701,1.27557628,2012-Dec-24,24/12/12,25.296,0.544,0,0
3.1886,1.01935537,1.272295039,2012-Dec-23,23/12/12,25.239,0.436,0,0
3.1936,1.011840294,1.270271125,2012-Dec-22,22/12/12,25.225,0.371,0,0
3.1987,1.002770809,1.268197351,2012-Dec-21,21/12/12,25.101,0.198,0,0
3.2037,0.994366118,1.266828496,2012-Dec-20,20/12/12,24.713,-0.242,0,0
3.2088,0.985847841,1.265924402,2012-Dec-19,19/12/12,24.806,-0.199,0,0
3.2138,0.978697897,1.263793977,2012-Dec-18,18/12/12,25.041,-0.014,0,0
3.2189,0.97364905,1.263835478,2012-Dec-17,17/12/12,24.55,-0.556,0,0
3.2239,0.970684745,1.265236355,2012-Dec-16,16/12/12,24.523,-0.634,0,0
3.229,0.970087071,1.267374392,2012-Dec-15,15/12/12,24.705,-0.503,0,0
3.234,0.970075625,1.262955234,2012-Dec-14,14/12/12,25.549,0.262,0,0
3.239,0.972652256,1.2602276,2012-Dec-13,13/12/12,24.857,-0.51,0,0
3.2441,0.979022725,1.254366052,2012-Dec-12,12/12/12,25.577,0.131,0,0
3.2491,0.987292617,1.257402443,2012-Dec-11,11/12/12,25.899,0.374,0,0
3.2542,0.995888176,1.254315813,2012-Dec-10,10/12/12,25.887,0.283,0,0
3.2592,1.011802211,1.244679041,2012-Dec-09,9/12/12,26.305,0.622,0,0
3.2643,1.025193612,1.237138713,2012-Dec-08,8/12/12,26.157,0.394,0,0
3.2693,1.035332361,1.22749321,2012-Dec-07,7/12/12,26.112,0.27,0,0
3.2744,1.04883438,1.216890775,2012-Dec-06,6/12/12,26.119,0.198,0,0
3.2794,1.057997457,1.208163145,2012-Dec-05,5/12/12,25.8,-0.201,0,0
3.2845,1.065754857,1.200526713,2012-Dec-04,4/12/12,,,,0
3.2895,1.069061173,1.196015422,2012-Dec-03,3/12/12,26.202,0.043,0,0
3.2945,1.073034475,1.189559769,2012-Dec-02,2/12/12,26.253,0.015,0,0
3.2996,1.075757822,1.183106502,2012-Dec-01,1/12/12,26.422,0.105,0,0
3.3046,1.073222618,1.179809765,2012-Nov-30,30/11/12,26.182,-0.214,0,0
3.3097,1.069824964,1.174950087,2012-Nov-29,29/11/12,27.112,0.637,0,0
3.3147,1.065220839,1.169675376,2012-Nov-28,28/11/12,26.976,0.421,0,0
3.3198,1.059819917,1.162509854,2012-Nov-27,27/11/12,27.144,0.51,0,0
3.3248,1.059057265,1.153276075,2012-Nov-26,26/11/12,27.313,0.6,0,0
3.3299,1.061396002,1.142706835,2012-Nov-25,25/11/12,27.006,0.213,0,0
3.3349,1.070075302,1.130066396,2012-Nov-24,24/11/12,26.78,-0.092,0,0
3.34,1.076382304,1.115951244,2012-Nov-23,23/11/12,27.358,0.407,0,0
3.345,1.083082486,1.102457547,2012-Nov-22,22/11/12,27.513,0.482,0,0
3.35,1.08556371,1.091796845,2012-Nov-21,21/11/12,27.06,-0.05,0,0
3.3551,1.085442718,1.086130042,2012-Nov-20,20/11/12,26.994,-0.195,0,0
3.3601,1.084299173,1.080640065,2012-Nov-19,19/11/12,27.927,0.658,0,0
3.3652,1.084547138,1.073707558,2012-Nov-18,18/11/12,27.655,0.308,0,0
3.3702,1.082258712,1.074019984,2012-Nov-17,17/11/12,28.092,0.666,0,0
3.3753,1.078165871,1.076334404,2012-Nov-16,16/11/12,28.684,1.178,0,0
3.3803,1.076896895,1.079626217,2012-Nov-15,15/11/12,28.495,0.91,0,0
3.3854,1.075115189,1.089537493,2012-Nov-14,14/11/12,28.309,0.64,0,0
3.3904,1.073614272,1.09783662,2012-Nov-13,13/11/12,28.325,0.571,0,0
3.3955,1.071939218,1.104086649,2012-Nov-12,12/11/12,29.253,1.415,0,0
3.4005,1.070230299,1.129183604,2012-Nov-11,11/11/12,29.477,1.556,0,0
3.4055,1.068040432,1.156386515,2012-Nov-10,10/11/12,29.416,1.41,0,0
3.4106,1.068180378,1.181444644,2012-Nov-09,9/11/12,28.971,0.882,0,0
3.4156,1.070563484,1.202081963,2012-Nov-08,8/11/12,29.03,0.856,0,0
3.4207,1.07320668,1.218744615,2012-Nov-07,7/11/12,29.146,0.888,0,0
3.4257,1.077547721,1.229613627,2012-Nov-06,6/11/12,29.162,0.82,0,0
3.4308,1.080474611,1.240494984,2012-Nov-05,5/11/12,29.114,0.688,0,0
3.4358,1.07887012,1.24804318,2012-Nov-04,4/11/12,29.118,0.608,0,0
3.4409,1.074248815,1.250181776,2012-Nov-03,3/11/12,29.162,0.568,0,0
3.4459,1.067808328,1.255919907,2012-Nov-02,2/11/12,29.506,0.828,0,0
3.4509,1.060156353,1.260690995,2012-Nov-01,1/11/12,29.188,0.426,0,0
3.456,1.058994275,1.263642638,2012-Oct-31,31/10/12,29.321,0.474,0,0
3.461,1.056243589,1.264856903,2012-Oct-30,30/10/12,29.517,0.586,0,0
3.4661,1.052182757,1.266969793,2012-Oct-29,29/10/12,29.665,0.65,0,0
3.4711,1.043432628,1.271654054,2012-Oct-28,28/10/12,29.91,0.811,0,0
3.4762,1.035909553,1.272124323,2012-Oct-27,27/10/12,29.705,0.522,0,0
3.4812,1.030719972,1.279200252,2012-Oct-26,26/10/12,30.037,0.769,0,0
3.4863,1.027951346,1.292689,2012-Oct-25,25/10/12,30.227,0.876,0,0
3.4913,1.029109237,1.300976335,2012-Oct-24,24/10/12,30.398,0.963,0,0
3.4964,1.033491495,1.30840436,2012-Oct-23,23/10/12,30.22,0.701,0,0.145
3.5014,1.039291897,1.315437211,2012-Oct-22,22/10/12,30.234,0.63,0,0.342
3.5064,1.046686869,1.317242912,2012-Oct-21,21/10/12,30.295,0.607,0,0.342
3.5115,1.052778203,1.320071321,2012-Oct-20,20/10/12,31.237,1.465,0,0.342
3.5165,1.058374227,1.321778791,2012-Oct-19,19/10/12,30.679,0.823,0,0.342
3.5216,1.065943066,1.315350117,2012-Oct-18,18/10/12,29.847,-0.093,0,0.342
3.5266,1.072579675,1.312124936,2012-Oct-17,17/10/12,30.192,0.167,0,0.342
3.5317,1.078931518,1.307906532,2012-Oct-16,16/10/12,30.665,0.557,0,0.342
3.5367,1.087400737,1.309422946,2012-Oct-15,15/10/12,30.96,0.768,0,0.342
3.5418,1.095668371,1.304609735,2012-Oct-14,14/10/12,31.342,1.127,0,0.342
3.5468,1.109805285,1.295967412,2012-Oct-13,13/10/12,31.925,1.686,0,0.342
3.5519,1.122355515,1.28825462,2012-Oct-12,12/10/12,31.853,1.592,0,0.342
3.5569,1.133929335,1.281510123,2012-Oct-11,11/10/12,31.72,1.436,0,0.342
3.5619,1.140767739,1.276440382,2012-Oct-10,10/10/12,32.195,1.888,0,0.342
3.567,1.147755537,1.268157912,2012-Oct-09,9/10/12,31.632,1.302,0,0.342
3.572,1.153411535,1.259593,2012-Oct-08,8/10/12,31.798,1.445,0,0.342
3.5771,1.150468719,1.252261596,2012-Oct-07,7/10/12,31.686,1.31,0,0.342
3.5821,1.147916482,1.246112835,2012-Oct-06,6/10/12,31.4,1.002,0,0.342
3.5872,1.14541259,1.241625548,2012-Oct-05,5/10/12,31.757,1.335,0,0.342
3.5922,1.148951442,1.239935278,2012-Oct-04,4/10/12,31.451,1.007,0,0.342
3.5973,1.153902972,1.247586127,2012-Oct-03,3/10/12,31.5,1.033,0,0.342
3.6023,1.157404515,1.256107456,2012-Oct-02,2/10/12,31.734,1.243,0,0.342
3.6074,1.161360481,1.265603103,2012-Oct-01,1/10/12,31.731,1.218,0,0.342
3.6124,1.163452366,1.280509304,2012-Sep-30,30/9/12,31.971,1.435,0,0.342
3.6174,1.164444525,1.29464497,2012-Sep-29,29/9/12,31.96,1.401,0,0.342
3.6225,1.166124632,1.302859084,2012-Sep-28,28/9/12,31.92,1.338,0,0.342
3.6275,1.170010635,1.314730728,2012-Sep-27,27/9/12,31.733,1.128,0,0.342
3.6326,1.170396969,1.32048223,2012-Sep-26,26/9/12,32.046,1.418,0,0.342
3.6376,1.17348161,1.318049815,2012-Sep-25,25/9/12,31.759,1.108,0,0.342
3.6427,1.174597778,1.314275426,2012-Sep-24,24/9/12,32.073,1.4,0,0.342
3.6477,1.175299192,1.30963917,2012-Sep-23,23/9/12,31.627,0.931,0,0.342
3.6528,1.184612461,1.302475423,2012-Sep-22,22/9/12,31,0.28,0,0.342
3.6578,1.189997515,1.294431315,2012-Sep-21,21/9/12,30.477,-0.265,0,0.342
3.6628,1.194621609,1.289297294,2012-Sep-20,20/9/12,30.496,-0.269,0,0.342
3.6679,1.197084097,1.284997192,2012-Sep-19,19/9/12,30.832,0.044,0,0.342
3.6729,1.193568742,1.282185102,2012-Sep-18,18/9/12,31.147,0.336,0,0.342
3.678,1.189664524,1.276831578,2012-Sep-17,17/9/12,32.156,1.322,0,0.342
3.683,1.189379734,1.269615028,2012-Sep-16,16/9/12,32.385,1.528,0,0.342
3.6881,1.187867309,1.262506651,2012-Sep-15,15/9/12,32.57,1.69,0.039,0.342
3.6931,1.18677465,1.256745673,2012-Sep-14,14/9/12,32.073,1.165,0,0.342
3.6982,1.187179099,1.25480374,2012-Sep-13,13/9/12,31.225,0.288,0,0.342
3.7032,1.18495465,1.254335542,2012-Sep-12,12/9/12,,,,0.342
3.7083,1.181638568,1.255890913,2012-Sep-11,11/9/12,,,,0.342
3.7133,1.182211803,1.255858814,2012-Sep-10,10/9/12,31.491,0.47,0,0.342
3.7183,1.183361614,1.262344216,2012-Sep-09,9/9/12,31.335,0.285,0,0.342
3.7234,1.187018775,1.273196906,2012-Sep-08,8/9/12,31.095,0.017,0,0.342
3.7284,1.182206989,1.286589893,2012-Sep-07,7/9/12,31.037,-0.07,0,0.342
3.7335,1.177690176,1.29518648,2012-Sep-06,6/9/12,30.969,-0.166,0,0.342
3.7385,1.174869587,1.306103852,2012-Sep-05,5/9/12,30.949,-0.215,0,0.342
3.7436,1.173531127,1.318946845,2012-Sep-04,4/9/12,31.149,-0.044,0,0.342
3.7486,1.174083661,1.323529313,2012-Sep-03,3/9/12,31.643,0.422,0,0.342
3.7537,1.178184114,1.326550968,2012-Sep-02,2/9/12,30.995,-0.255,0,0.342
3.7587,1.182292645,1.333522477,2012-Sep-01,1/9/12,31.345,0.067,0,0.342
3.7638,1.185497712,1.337033158,2012-Aug-31,31/8/12,31.015,-0.291,0,0.342
3.7688,1.187740256,1.337685035,2012-Aug-30,30/8/12,31.245,-0.09,0,0.342
3.7738,1.190278172,1.331547193,2012-Aug-29,29/8/12,30.876,-0.487,0,0.342
3.7789,1.194196786,1.326589449,2012-Aug-28,28/8/12,30.512,-0.88,0,0.342
3.7839,1.198690507,1.322879762,2012-Aug-27,27/8/12,31.018,-0.402,0,0.342
3.789,1.207062574,1.31904278,2012-Aug-26,26/8/12,29.984,-1.464,0,0.342
3.794,1.217545371,1.316614494,2012-Aug-25,25/8/12,29.166,-2.311,0,0.342
3.7991,1.230792114,1.315116314,2012-Aug-24,24/8/12,30.511,-0.995,0,0.342
3.8041,1.243116497,1.318815997,2012-Aug-23,23/8/12,31.551,0.018,0,0.342
3.8092,1.252279879,1.318591454,2012-Aug-22,22/8/12,30.974,-0.588,0,0.342
3.8142,1.261564754,1.316342722,2012-Aug-21,21/8/12,32.086,0.495,0,0.342
3.8193,1.269293097,1.315661809,2012-Aug-20,20/8/12,32.043,0.424,0,0.342
3.8243,1.272618459,1.314595263,2012-Aug-19,19/8/12,31.188,-0.46,0,0.342
3.8293,1.270367703,1.318072261,2012-Aug-18,18/8/12,30.822,-0.854,0,0.342
3.8344,1.269049407,1.322240504,2012-Aug-17,17/8/12,,,,0.342
3.8394,1.268463228,1.325199624,2012-Aug-16,16/8/12,31.21,-0.523,0,0.342
3.8445,1.266796473,1.325288941,2012-Aug-15,15/8/12,30.917,-0.844,0,0.342
3.8495,1.273668472,1.322666004,2012-Aug-14,14/8/12,31.147,-0.639,0,0.342
3.8546,1.277070179,1.328766196,2012-Aug-13,13/8/12,,,,0.342
3.8596,1.279997435,1.332162686,2012-Aug-12,12/8/12,31.804,-0.032,0,0.342
3.8647,1.284004205,1.334905371,2012-Aug-11,11/8/12,32.283,0.422,0,0.342
3.8697,1.28725695,1.335216173,2012-Aug-10,10/8/12,32.66,0.775,0.13,0.342
3.8747,1.290759058,1.333969413,2012-Aug-09,9/8/12,32.056,0.146,0,0.342
3.8798,1.298146983,1.329688173,2012-Aug-08,8/8/12,31.494,-0.441,0,0.342
3.8848,1.300861845,1.329367325,2012-Aug-07,7/8/12,32.012,0.053,0,0.342
3.8899,1.30118187,1.32955025,2012-Aug-06,6/8/12,32.613,0.628,0.082,0.342
3.8949,1.304275203,1.3292528,2012-Aug-05,5/8/12,33.033,1.024,0.503,0.342
3.9,1.304100985,1.331899594,2012-Aug-04,4/8/12,33.037,1.002,0.506,0.342
3.905,1.304022195,1.335694198,2012-Aug-03,3/8/12,33.452,1.393,0.922,0.342
3.9101,1.308324553,1.343922319,2012-Aug-02,2/8/12,33.316,1.233,0.786,0.342
3.9151,1.312848942,1.354422901,2012-Aug-01,1/8/12,33.544,1.436,1.014,0.342
3.9202,1.318299462,1.362802164,2012-Jul-31,31/7/12,33.911,1.777,1.38,0.197
3.9252,1.316180465,1.368861294,2012-Jul-30,30/7/12,33.181,1.022,0.65,0
3.9302,1.317111582,1.379731603,2012-Jul-29,29/7/12,32.599,0.416,0.068,0
3.9353,1.321293273,1.386024027,2012-Jul-28,28/7/12,32.809,0.601,0.279,0
3.9403,1.325164966,1.388025238,2012-Jul-27,27/7/12,32.241,0.008,0,0
3.9454,1.327148436,1.399589602,2012-Jul-26,26/7/12,32.847,0.589,0.316,0
3.9504,1.329619827,1.407314129,2012-Jul-25,25/7/12,32.32,0.038,0,0
3.9555,1.330587148,1.412557418,2012-Jul-24,24/7/12,32.964,0.656,0.433,0
3.9605,1.333530473,1.421994125,2012-Jul-23,23/7/12,32.501,0.169,0,0
3.9656,1.337868842,1.430929737,2012-Jul-22,22/7/12,31.787,-0.569,0,0
3.9706,1.33572557,1.440992095,2012-Jul-21,21/7/12,32.859,0.478,0.329,0
3.9757,1.337199372,1.445834043,2012-Jul-20,20/7/12,33.286,0.88,0.756,0
3.9807,1.341558324,1.448207948,2012-Jul-19,19/7/12,32.143,-0.289,0,0
3.9857,1.345455067,1.452120196,2012-Jul-18,18/7/12,31.185,-1.271,0,0
3.9908,1.345339613,1.45259908,2012-Jul-17,17/7/12,32.484,0.003,0,0
3.9958,1.343689397,1.450984722,2012-Jul-16,16/7/12,32.363,-0.143,0,0
4.0009,1.343089618,1.448061254,2012-Jul-15,15/7/12,32.783,0.252,0.252,0
4.0059,1.345092852,1.453034602,2012-Jul-14,14/7/12,32.707,0.216,0.177,0
4.011,1.349922947,1.456508027,2012-Jul-13,13/7/12,31.951,-0.502,0,0
4.016,1.350938278,1.462206042,2012-Jul-12,12/7/12,32.952,0.538,0.422,0
4.0211,1.356306352,1.472576481,2012-Jul-11,11/7/12,32.842,0.467,0.311,0
4.0261,1.363836154,1.481212511,2012-Jul-10,10/7/12,31.779,-0.557,0,0
4.0312,1.367924029,1.488479056,2012-Jul-09,9/7/12,31.674,-0.624,0,0
4.0362,1.373846,1.497078939,2012-Jul-08,8/7/12,30.73,-1.528,0,0
4.0412,1.382170677,1.503628342,2012-Jul-07,7/7/12,32.348,0.129,0,0
4.0463,1.38977854,1.506134457,2012-Jul-06,6/7/12,32.825,0.644,0.294,0
4.0513,1.392931883,1.505324374,2012-Jul-05,5/7/12,32.516,0.374,0,0
4.0564,1.391410607,1.502162818,2012-Jul-04,4/7/12,33.098,0.995,0.567,0
4.0614,1.385768732,1.497504127,2012-Jul-03,3/7/12,33.501,1.437,0.971,0
4.0665,1.375376205,1.498645517,2012-Jul-02,2/7/12,33.163,1.138,0.633,0
4.0715,1.363665151,1.496503231,2012-Jul-01,1/7/12,32.794,0.808,0.263,0
4.0766,1.354695189,1.488233005,2012-Jun-30,30/6/12,32.838,0.891,0.307,0
4.0816,1.34570886,1.479852644,2012-Jun-29,29/6/12,32.485,0.576,0,0
4.0866,1.335157284,1.470514872,2012-Jun-28,28/6/12,32.317,0.448,0,0
4.0917,1.334369466,1.458753239,2012-Jun-27,27/6/12,32.701,0.871,0.171,0
4.0967,1.329134773,1.455328605,2012-Jun-26,26/6/12,32.244,0.452,0,0
4.1018,1.323257385,1.453497117,2012-Jun-25,25/6/12,32.567,0.814,0.037,0
4.1068,1.317718144,1.445568594,2012-Jun-24,24/6/12,32.915,1.201,0.385,0
4.1119,1.313588652,1.449653498,2012-Jun-23,23/6/12,32.246,0.571,0,0
4.1169,1.311017481,1.450675562,2012-Jun-22,22/6/12,31.994,0.357,0,0
4.122,1.316644123,1.452016642,2012-Jun-21,21/6/12,32.165,0.568,0,0
4.127,1.323885507,1.458096059,2012-Jun-20,20/6/12,32.311,0.753,0,0
4.1321,1.330455176,1.458971796,2012-Jun-19,19/6/12,32.708,1.188,0.177,0
4.1371,1.333754728,1.453530932,2012-Jun-18,18/6/12,33.205,1.724,0.675,0
4.1421,1.337339519,1.449326769,2012-Jun-17,17/6/12,32.873,1.431,0.343,
4.1472,1.338932481,1.44226618,2012-Jun-16,16/6/12,32.855,1.452,0.325,
4.1522,1.341620609,1.431884848,2012-Jun-15,15/6/12,32.283,0.919,0,
4.1573,1.340077632,1.429050835,2012-Jun-14,14/6/12,31.781,0.497,0,
4.1623,1.333307924,1.427374678,2012-Jun-13,13/6/12,31.522,0.318,0,
4.1674,1.325820986,1.424460976,2012-Jun-12,12/6/12,31.937,0.812,0,
4.1724,1.324144263,1.419908793,2012-Jun-11,11/6/12,32.01,0.966,0,
4.1775,1.328705952,1.41476414,2012-Jun-10,10/6/12,31.951,0.986,0,
4.1825,1.329837286,1.407079752,2012-Jun-09,9/6/12,30.812,-0.073,0,
4.1876,1.330945121,1.406019882,2012-Jun-08,8/6/12,30.353,-0.452,0,
4.1926,1.330917448,1.404616575,2012-Jun-07,7/6/12,31.663,0.938,0,
4.1976,1.327513957,1.409256507,2012-Jun-06,6/6/12,31.744,1.099,0,
4.2027,1.327551838,1.409709424,2012-Jun-05,5/6/12,30.971,0.407,0,
4.2077,1.333120631,1.412769149,2012-Jun-04,4/6/12,31.626,1.141,0,
4.2128,1.328864933,1.419060998,2012-Jun-03,3/6/12,31.733,1.329,0,
4.2178,1.32712941,1.422119551,2012-Jun-02,2/6/12,32.003,1.678,0,
4.2229,1.322664451,1.427988253,2012-Jun-01,1/6/12,31.575,1.331,0,
4.2279,1.320955347,1.433495808,2012-May-31,31/5/12,30.546,0.381,0,
4.233,1.317048542,1.44028004,2012-May-30,30/5/12,30.247,0.162,0,
4.238,1.311412401,1.444929125,2012-May-29,29/5/12,30.262,0.257,0,
4.2431,1.301649272,1.447822541,2012-May-28,28/5/12,29.725,-0.2,0,
4.2481,1.29579189,1.455612805,2012-May-27,27/5/12,29.742,-0.103,0,
4.2531,1.290740772,1.456941178,2012-May-26,26/5/12,29.753,-0.012,0,
4.2582,1.286460561,1.450347491,2012-May-25,25/5/12,29.086,-0.599,0,
4.2632,1.280633427,1.442718182,2012-May-24,24/5/12,29.476,-0.128,0,
4.2683,1.275608011,1.430860906,2012-May-23,23/5/12,30.164,0.639,0,
4.2733,1.272596837,1.416648783,2012-May-22,22/5/12,31.049,1.604,0,
4.2784,1.267694356,1.403845692,2012-May-21,21/5/12,30.565,1.2,0,
4.2834,1.262095408,1.39570579,2012-May-20,20/5/12,30.62,1.335,0,
4.2885,1.259319452,1.395090108,2012-May-19,19/5/12,29.961,0.756,0,
4.2935,1.257432073,1.394705854,2012-May-18,18/5/12,29.192,0.067,0,
4.2985,1.25443892,1.395008204,2012-May-17,17/5/12,30.038,0.993,0,
4.3036,1.259969956,1.399891089,2012-May-16,16/5/12,30.381,1.416,0,
4.3086,1.266582084,1.404921295,2012-May-15,15/5/12,30.406,1.521,0,
4.3137,1.271739516,1.407763076,2012-May-14,14/5/12,29.22,0.445,0,
4.3187,1.278793308,1.40906272,2012-May-13,13/5/12,29.925,1.259,0,
4.3238,1.286188605,1.413377885,2012-May-12,12/5/12,29.638,1.082,0,
4.3288,1.295420379,1.418139752,2012-May-11,11/5/12,28.393,-0.054,0,
4.3339,1.300318684,1.423077219,2012-May-10,10/5/12,29.13,0.793,0,
4.3389,1.304887445,1.427552567,2012-May-09,9/5/12,29.343,1.116,0,
4.344,1.309087026,1.432996552,2012-May-08,8/5/12,29.044,0.927,0,
4.349,1.313976415,1.437163958,2012-May-07,7/5/12,28.977,0.97,0,
4.354,1.318359099,1.439924313,2012-May-06,6/5/12,30.296,2.399,0,
4.3591,1.319570516,1.444036616,2012-May-05,5/5/12,29.721,1.933,0,
4.3641,1.313524982,1.447340843,2012-May-04,4/5/12,29.39,1.712,0,
4.3692,1.307050184,1.454588505,2012-May-03,3/5/12,29.176,1.608,0,
4.3742,1.299979576,1.460188654,2012-May-02,2/5/12,28.281,0.823,0,
4.3793,1.297047136,1.465713473,2012-May-01,1/5/12,28.036,0.688,0,
4.3843,1.293873666,1.468967039,2012-Apr-30,30/4/12,27.931,0.692,0,
4.3894,1.292335381,1.468331055,2012-Apr-29,29/4/12,26.812,-0.317,0,
4.3944,1.296108177,1.466496573,2012-Apr-28,28/4/12,27.319,0.299,0,
4.3995,1.297321575,1.462916263,2012-Apr-27,27/4/12,27.499,0.589,0,
4.4045,1.295789946,1.454081571,2012-Apr-26,26/4/12,26.305,-0.495,0,
4.4095,1.29028918,1.445161535,2012-Apr-25,25/4/12,26.366,-0.324,0,
4.4146,1.286034523,1.430840454,2012-Apr-24,24/4/12,25.983,-0.597,0,
4.4196,1.282344899,1.421929904,2012-Apr-23,23/4/12,26.279,-0.191,0,
4.4247,1.279581778,1.417977914,2012-Apr-22,22/4/12,25.763,-0.597,0,
4.4297,1.277849456,1.41684743,2012-Apr-21,21/4/12,25.822,-0.429,0,
4.4348,1.27994005,1.418580948,2012-Apr-20,20/4/12,24.803,-1.338,0,
4.4398,1.282532357,1.422236738,2012-Apr-19,19/4/12,23.652,-2.38,0,
4.4449,1.282855746,1.425496925,2012-Apr-18,18/4/12,24.459,-1.463,0,
4.4499,1.281618737,1.427065393,2012-Apr-17,17/4/12,24.808,-1.004,0,
4.455,1.28478885,1.427083107,2012-Apr-16,16/4/12,25.58,-0.122,0,
4.46,1.285905916,1.42398907,2012-Apr-15,15/4/12,24.523,-1.07,0,
4.465,1.285526447,1.418896614,2012-Apr-14,14/4/12,25.652,0.141,0,
4.4701,1.287413921,1.41376634,2012-Apr-13,13/4/12,25.142,-0.287,0,
4.4751,1.288713842,1.40377509,2012-Apr-12,12/4/12,25.889,0.542,0,
4.4802,1.289758998,1.391166322,2012-Apr-11,11/4/12,26.864,1.598,0,
4.4852,1.287006295,1.377126607,2012-Apr-10,10/4/12,25.787,0.604,0,
4.4903,1.288507861,1.371843756,2012-Apr-09,9/4/12,26.433,1.331,0,
4.4953,1.291132649,1.362527459,2012-Apr-08,8/4/12,25.685,0.665,0,
4.5004,1.291318452,1.355292221,2012-Apr-07,7/4/12,26.18,1.242,0,
4.5054,1.289530009,1.350956083,2012-Apr-06,6/4/12,25.349,0.493,0,
4.5104,1.286720556,1.35226217,2012-Apr-05,5/4/12,25.82,1.046,0,
4.5155,1.291371363,1.356358245,2012-Apr-04,4/4/12,25.439,0.747,0,
4.5205,1.29614926,1.354581966,2012-Apr-03,3/4/12,24.968,0.358,0,
4.5256,1.299901366,1.354136619,2012-Apr-02,2/4/12,23.882,-0.647,0,
4.5306,1.304121368,1.353746094,2012-Apr-01,1/4/12,23.833,-0.614,0,
4.5357,1.311600546,1.357385981,2012-Mar-31,31/3/12,24.92,0.555,0,
4.5407,1.321206788,1.358995698,2012-Mar-30,30/3/12,25.455,1.172,0,
4.5458,1.32995241,1.358623848,2012-Mar-29,29/3/12,24.705,0.503,0,
4.5508,1.340274511,1.358283189,2012-Mar-28,28/3/12,23.792,-0.328,0,
4.5559,1.350959592,1.357975193,2012-Mar-27,27/3/12,23.891,-0.147,0,
4.5609,1.360043118,1.357846656,,,,,,
4.5659,1.364017005,1.354787777,,,,,,
4.571,1.363069297,1.349748375,,,,,,
4.576,1.354515525,1.343121495,,,,,,
4.5811,1.343532973,1.33682766,,,,,,
4.5861,1.332294309,1.332155263,,,,,,
4.5912,1.322755036,1.331147232,,,,,,
4.5962,1.314224119,1.331889236,,,,,,
4.6013,1.307124756,1.332116541,,,,,,
4.6063,1.301725233,1.335559644,,,,,,
4.6114,1.299771442,1.341631436,,,,,,
4.6164,1.299643045,1.348934027,,,,,,
4.6214,1.298364143,1.357276028,,,,,,
4.6265,1.299212622,1.363435272,,,,,,
4.6315,1.302059697,1.368385248,,,,,,
4.6366,1.302353246,1.370559365,,,,,,
4.6416,1.304223791,1.372288418,,,,,,
4.6467,1.309862444,1.372058149,,,,,,
4.6517,1.311603717,1.371806924,,,,,,
4.6568,1.31315086,1.378698871,,,,,,
4.6618,1.312814791,1.3802952,,,,,,
4.6669,1.305996374,1.379829307,,,,,,
4.6719,1.300799377,1.37937624,,,,,,
4.6769,1.296494126,1.385338366,,,,,,
4.682,1.297289732,1.398228748,,,,,,
4.687,1.299070287,1.401030328,,,,,,
4.6921,1.30328854,1.40404765,,,,,,
4.6971,1.304774771,1.405821093,,,,,,
4.7022,1.305973989,1.397712105,,,,,,
4.7072,1.308551827,1.390754161,,,,,,
4.7123,1.307293766,1.38934677,,,,,,
4.7173,1.305938514,1.385784087,,,,,,
4.7224,1.308245195,1.380673237,,,,,,
4.7274,1.305271552,1.379249075,,,,,,
4.7324,1.302767704,1.382202883,,,,,,
4.7375,1.299419083,1.385074858,,,,,,
4.7425,1.303686814,1.390945361,,,,,,
4.7476,1.31048943,1.396822929,,,,,,
4.7526,1.32227397,1.400769473,,,,,,
4.7577,1.329676313,1.403964055,,,,,,
4.7627,1.336292605,1.409363909,,,,,,
4.7678,1.346405709,1.412358042,,,,,,
4.7728,1.357601375,1.413866806,,,,,,
4.7778,1.366391397,1.415721354,,,,,,
4.7829,1.372296538,1.417372075,,,,,,
4.7879,1.377599243,1.418461077,,,,,,
4.793,1.38388335,1.436307639,,,,,,
4.798,1.39083208,1.457426797,,,,,,
4.8031,1.39299229,1.482388631,,,,,,
4.8081,1.398701656,1.501277619,,,,,,
4.8132,1.407662755,1.519316433,,,,,,
4.8182,1.411345245,1.535618377,,,,,,
4.8233,1.41879797,1.54116973,,,,,,
4.8283,1.42643465,1.545425651,,,,,,
4.8333,1.433995389,1.555428087,,,,,,
4.8384,1.44295551,1.559977347,,,,,,
4.8434,1.452405624,1.564663317,,,,,,
4.8485,1.466485835,1.567892714,,,,,,
4.8535,1.480884609,1.567929314,,,,,,
4.8586,1.488877291,1.562650024,,,,,,
4.8636,1.50119351,1.552093189,,,,,,
4.8687,1.51042799,1.545795177,,,,,,
4.8737,1.515534905,1.538451001,,,,,,
4.8788,1.523609993,1.532754065,,,,,,
4.8838,1.526302649,1.539970752,,,,,,
4.8888,1.527177008,1.54977067,,,,,,
4.8939,1.525420587,1.560890299,,,,,,
4.8989,1.525337587,1.575889518,,,,,,
4.904,1.529357835,1.593589248,,,,,,
4.909,1.533582528,1.608281444,,,,,,
4.9141,1.535008407,1.626319355,,,,,,
4.9191,1.536368634,1.643539225,,,,,,
4.9242,1.536475972,1.657985298,,,,,,
4.9292,1.537377495,1.662865763,,,,,,
4.9343,1.53968754,1.664195204,,,,,,
4.9393,1.544597823,1.663396116,,,,,,
4.9443,1.55147119,1.66036336,,,,,,
4.9494,1.560014908,1.655030953,,,,,,
4.9544,1.568538164,1.646126071,,,,,,
4.9595,1.57840833,1.641510661,,,,,,
4.9645,1.591852015,1.631827211,,,,,,
4.9696,1.604830448,1.624555248,,,,,,
4.9746,1.61628552,1.622917316,,,,,,
4.9797,1.62967117,1.619943991,,,,,,
4.9847,1.634294242,1.618738219,,,,,,
4.9897,1.63941644,1.623002872,,,,,,
4.9948,1.639849174,1.626112524,,,,,,
4.9998,1.636285902,1.626699017,,,,,,
5.0049,1.632680457,1.633838655,,,,,,
5.0099,1.627656973,1.642602763,,,,,,
5.015,1.625676653,1.652959409,,,,,,
5.02,1.625332822,1.659869613,,,,,,
5.0251,1.623382459,1.67406297,,,,,,
5.0301,1.620768821,1.69150421,,,,,,
5.0352,1.62449026,1.700380485,,,,,,
5.0402,1.628678393,1.716486171,,,,,,
5.0452,1.629595304,1.737704842,,,,,,
5.0503,1.631378225,1.738377879,,,,,,
5.0553,1.628977993,1.74046087,,,,,,
5.0604,1.632507929,1.743295186,,,,,,
5.0654,1.638411943,1.745020485,,,,,,
5.0705,1.645161438,1.748465675,,,,,,
5.0755,1.647290755,1.752639801,,,,,,
5.0806,1.649432079,1.75589709,,,,,,
5.0856,1.649837317,1.757995516,,,,,,
5.0907,1.653462162,1.757291169,,,,,,
5.0957,1.655633915,1.754433184,,,,,,
5.1007,1.657824376,1.751358436,,,,,,
5.1058,1.657495418,1.741830903,,,,,,
5.1108,1.653904967,1.733327959,,,,,,
5.1159,1.649244777,1.72745677,,,,,,
5.1209,1.646203533,1.718363872,,,,,,
5.126,1.639805745,1.706920041,,,,,,
5.131,1.630550264,1.698806976,,,,,,
5.1361,1.627856673,1.692496116,,,,,,
5.1411,1.624441083,1.694695335,,,,,,
5.1462,1.62399177,1.695435209,,,,,,
5.1512,1.623353299,1.692076433,,,,,,
5.1562,1.624151112,1.699994227,,,,,,
5.1613,1.625252473,1.701347549,,,,,,
5.1663,1.624269896,1.698135698,,,,,,
5.1714,1.622707295,1.693823858,,,,,,
5.1764,1.61754003,1.689072363,,,,,,
5.1815,1.613232855,1.685676872,,,,,,
5.1865,1.606859768,1.682143727,,,,,,
5.1916,1.596466943,1.68304106,,,,,,
5.1966,1.598949897,1.683902116,,,,,,
5.2016,1.600547997,1.689991355,,,,,,
5.2067,1.602217918,1.696887486,,,,,,
5.2117,1.61167099,1.706612501,,,,,,
5.2168,1.617763236,1.708501067,,,,,,
5.2218,1.620250314,1.707759926,,,,,,
5.2269,1.632979022,1.706679947,,,,,,
5.2319,1.638605387,1.69963967,,,,,,
5.237,1.640717758,1.695380412,,,,,,
5.242,1.640250042,1.688890737,,,,,,
5.2471,1.635423152,1.68268974,,,,,,
5.2521,1.632165126,1.67611257,,,,,,
5.2571,1.632437509,1.670434339,,,,,,
5.2622,1.629608496,1.666004059,,,,,,
5.2672,1.630879442,1.667398777,,,,,,
5.2723,1.62985359,1.67772826,,,,,,
5.2773,1.629115693,1.693559953,,,,,,
5.2824,1.63180507,1.707711287,,,,,,
5.2874,1.631620877,1.719470174,,,,,,
5.2925,1.629204509,1.727131407,,,,,,
5.2975,1.621404106,1.733701922,,,,,,
5.3026,1.617711742,1.736749153,,,,,,
5.3076,1.606742686,1.740683956,,,,,,
5.3126,1.592832911,1.736569514,,,,,,
5.3177,1.577704853,1.727819033,,,,,,
5.3227,1.563885241,1.720349408,,,,,,
5.3278,1.556248039,1.712901835,,,,,,
5.3328,1.551304421,1.710212235,,,,,,
5.3379,1.546434981,1.706910922,,,,,,
5.3429,1.542651582,1.70522682,,,,,,
5.348,1.539930147,1.705826626,,,,,,
5.353,1.541471907,1.716926666,,,,,,
5.3581,1.549247643,1.722049985,,,,,,
5.3631,1.555222115,1.722933614,,,,,,
5.3681,1.561519197,1.717552274,,,,,,
5.3732,1.567992057,1.705902092,,,,,,
5.3782,1.578243534,1.689158052,,,,,,
5.3833,1.585358804,1.672897657,,,,,,
5.3883,1.591684271,1.658237912,,,,,,
5.3934,1.59743212,1.646935169,,,,,,
5.3984,1.603536889,1.633044571,,,,,,
5.4035,1.606189848,1.623357782,,,,,,
5.4085,1.613674365,1.616403276,,,,,,
5.4135,1.624767884,1.618657566,,,,,,
5.4186,1.637459246,1.621798949,,,,,,
5.4236,1.648061892,1.624545631,,,,,,
5.4287,1.656941093,1.623710784,,,,,,
5.4337,1.666401947,1.621848985,,,,,,
5.4388,1.670975786,1.619683134,,,,,,
5.4438,1.683180354,1.621389099,,,,,,
5.4489,1.696768479,1.628299371,,,,,,
5.4539,1.693857589,1.635558027,,,,,,
5.459,1.687711729,,,,,,,
5.464,1.675401393,,,,,,,
5.469,1.667973462,,,,,,,
5.4741,1.658534773,,,,,,,
5.4791,1.648286198,,,,,,,
5.4842,1.647546615,,,,,,,
5.4892,1.640689905,,,,,,,
5.4943,1.628756474,,,,,,,
5.4993,1.631881044,,,,,,,
5.5044,1.633418376,,,,,,,
5.5094,1.632556539,,,,,,,
5.5145,1.61837652,,,,,,,
5.5195,1.601271403,,,,,,,
5.5245,1.582852049,,,,,,,
5.5296,1.567509307,,,,,,,
5.5346,1.553935654,,,,,,,
5.5397,1.540853434,,,,,,,
5.5447,1.540409283,,,,,,,
5.5498,1.544108357,,,,,,,
5.5548,1.547822712,,,,,,,
5.5599,1.570107569,,,,,,,
5.5649,1.589151223,,,,,,,
5.57,1.60542571,,,,,,,
5.575,1.620175968,,,,,,,
5.58,1.635256887,,,,,,,
5.5851,1.652124151,,,,,,,
5.5901,1.663294846,,,,,,,
5.5952,1.674364413,,,,,,,
5.6002,1.689455857,,,,,,,
5.6053,1.703677426,,,,,,,
5.6103,1.712776424,,,,,,,
5.6154,1.716725282,,,,,,,
5.6204,1.718293539,,,,,,,
5.6254,1.718773425,,,,,,,
5.6305,1.712601366,,,,,,,
5.6355,1.71276388,,,,,,,
5.6406,1.713082719,,,,,,,
5.6456,1.712624722,,,,,,,
5.6507,1.708567751,,,,,,,
5.6557,1.706163725,,,,,,,
5.6608,1.706304242,,,,,,,
5.6658,1.70989424,,,,,,,
5.6709,1.720716213,,,,,,,
5.6759,1.732359884,,,,,,,
5.6809,1.745263028,,,,,,,
5.686,1.754342231,,,,,,,
5.691,1.763751404,,,,,,,
5.6961,1.773835225,,,,,,,
5.7011,1.779532396,,,,,,,
5.7062,1.785154421,,,,,,,
5.7112,1.771135653,,,,,,,
5.7163,1.756631031,,,,,,,
5.7213,1.740213958,,,,,,,
5.7264,1.720719758,,,,,,,
5.7314,1.708147606,,,,,,,
5.7364,1.699121448,,,,,,,
5.7415,1.691079743,,,,,,,
5.7465,1.685394165,,,,,,,
5.7516,1.682064233,,,,,,,
5.7566,1.676418443,,,,,,,
5.7617,1.675342373,,,,,,,
5.7667,1.684706569,,,,,,,
5.7718,1.699167389,,,,,,,
5.7768,1.712167596,,,,,,,
5.7819,1.726742373,,,,,,,
5.7869,1.742797106,,,,,,,
5.7919,1.757889528,,,,,,,
5.797,1.77448633,,,,,,,
5.802,1.784378207,,,,,,,
5.8071,1.791854424,,,,,,,
5.8121,1.792131604,,,,,,,
5.8172,1.793917659,,,,,,,
5.8222,1.798407876,,,,,,,
5.8273,1.801235945,,,,,,,
5.8323,1.798325488,,,,,,,
5.8373,1.796399683,,,,,,,
5.8424,1.79381374,,,,,,,
5.8474,1.778769508,,,,,,,
5.8525,1.768888698,,,,,,,
5.8575,1.758733581,,,,,,,
5.8626,1.754567533,,,,,,,
5.8676,1.758888256,,,,,,,
5.8727,1.770857238,,,,,,,
5.8777,1.778578145,,,,,,,
5.8828,1.789303674,,,,,,,
5.8878,1.797564818,,,,,,,
5.8928,1.794056672,,,,,,,
5.8979,1.78955521,,,,,,,
5.9029,1.783205008,,,,,,,
5.908,1.77516912,,,,,,,
5.913,1.76847848,,,,,,,
5.9181,1.76289673,,,,,,,
5.9231,1.756592364,,,,,,,
5.9282,1.747080318,,,,,,,
5.9332,1.736384242,,,,,,,
5.9383,1.740353564,,,,,,,
5.9433,1.735626417,,,,,,,
5.9483,1.725301571,,,,,,,
5.9534,1.729083392,,,,,,,
5.9584,1.727277143,,,,,,,
5.9635,1.729034931,,,,,,,
5.9685,1.734874376,,,,,,,
5.9736,1.744955819,,,,,,,
5.9786,1.75392999,,,,,,,
5.9837,1.757164846,,,,,,,
5.9887,1.75790608,,,,,,,
5.9938,1.75588554,,,,,,,
5.9988,1.763076904,,,,,,,
6.0038,1.771259628,,,,,,,
6.0089,1.776537265,,,,,,,
6.0139,1.77923669,,,,,,,
6.019,1.780337281,,,,,,,
6.024,1.782155762,,,,,,,
6.0291,1.788675634,,,,,,,
6.0341,1.794519459,,,,,,,
6.0392,1.798413131,,,,,,,
6.0442,1.796057268,,,,,,,
6.0492,1.797545166,,,,,,,
6.0543,1.804267447,,,,,,,
6.0593,1.817221402,,,,,,,
6.0644,1.825516947,,,,,,,
6.0694,1.828135443,,,,,,,
6.0745,1.825655378,,,,,,,
6.0795,1.817413933,,,,,,,
6.0846,1.800465847,,,,,,,
6.0896,1.780202714,,,,,,,
6.0947,1.765978167,,,,,,,
6.0997,1.756548738,,,,,,,
6.1047,1.73241438,,,,,,,
6.1098,1.710268444,,,,,,,
6.1148,1.693237447,,,,,,,
6.1199,1.678870464,,,,,,,
6.1249,1.666586735,,,,,,,
6.13,1.658849096,,,,,,,
6.135,1.651645391,,,,,,,
6.1401,1.640913227,,,,,,,
6.1451,1.632911717,,,,,,,
6.1502,1.631400531,,,,,,,
6.1552,1.628635537,,,,,,,
6.1602,1.628914568,,,,,,,
6.1653,1.636119725,,,,,,,
6.1703,1.63775442,,,,,,,
6.1754,1.635345759,,,,,,,
6.1804,1.631631038,,,,,,,
6.1855,1.629663621,,,,,,,
6.1905,1.629232147,,,,,,,
6.1956,1.625070737,,,,,,,
6.2006,1.622840578,,,,,,,
6.2057,1.620332433,,,,,,,
6.2107,1.621959795,,,,,,,
6.2157,1.623205553,,,,,,,
6.2208,1.624379413,,,,,,,
6.2258,1.622288784,,,,,,,
6.2309,1.622387574,,,,,,,
6.2359,1.624009281,,,,,,,
6.241,1.624177098,,,,,,,
6.246,1.619059553,,,,,,,
6.2511,1.606590344,,,,,,,
6.2561,1.593817372,,,,,,,
6.2611,1.582057121,,,,,,,
6.2662,1.573030347,,,,,,,
6.2712,1.565798853,,,,,,,
6.2763,1.553938526,,,,,,,
6.2813,1.541531801,,,,,,,
6.2864,1.534135708,,,,,,,
6.2914,1.521814273,,,,,,,
6.2965,1.509307855,,,,,,,
6.3015,1.490074533,,,,,,,
6.3066,1.470935697,,,,,,,
6.3116,1.453872043,,,,,,,
6.3166,1.433383954,,,,,,,
6.3217,1.414044228,,,,,,,
6.3267,1.392213384,,,,,,,
6.3318,1.381503697,,,,,,,
6.3368,1.373573581,,,,,,,
6.3419,1.36523129,,,,,,,
6.3469,1.35966601,,,,,,,
6.352,1.354736772,,,,,,,
6.357,1.348569716,,,,,,,
6.3621,1.346902429,,,,,,,
6.3671,1.342377437,,,,,,,
6.3721,1.336921055,,,,,,,
6.3772,1.339181859,,,,,,,
6.3822,1.34387754,,,,,,,
6.3873,1.346373881,,,,,,,
6.3923,1.342257117,,,,,,,
6.3974,1.340189204,,,,,,,
6.4024,1.33585856,,,,,,,
6.4075,1.331412688,,,,,,,
6.4125,1.327545089,,,,,,,
6.4176,1.325371245,,,,,,,
6.4226,1.325341935,,,,,,,
6.4276,1.329913682,,,,,,,
6.4327,1.338562158,,,,,,,
6.4377,1.341679831,,,,,,,
6.4428,1.34082577,,,,,,,
6.4478,1.339328396,,,,,,,
6.4529,1.332611546,,,,,,,
6.4579,1.327102151,,,,,,,
6.463,1.324846581,,,,,,,
6.468,1.322470697,,,,,,,
6.4731,1.316827172,,,,,,,
6.4781,1.308951936,,,,,,,
6.4831,1.302456604,,,,,,,
6.4882,1.291704286,,,,,,,
6.4932,1.275871615,,,,,,,
6.4983,1.267562012,,,,,,,
6.5033,1.258216683,,,,,,,
6.5084,1.247464241,,,,,,,
6.5134,1.241689654,,,,,,,
6.5185,1.236575415,,,,,,,
6.5235,1.22945568,,,,,,,
6.5285,1.226669568,,,,,,,
6.5336,1.221423036,,,,,,,
6.5386,1.214621251,,,,,,,
6.5437,1.19873778,,,,,,,
6.5487,1.178526824,,,,,,,
6.5538,1.15320628,,,,,,,
6.5588,1.119999278,,,,,,,
6.5639,1.089240526,,,,,,,
6.5689,1.062575006,,,,,,,
6.574,1.047385947,,,,,,,
6.579,1.034214834,,,,,,,
6.584,1.025066367,,,,,,,
6.5891,1.019741704,,,,,,,
6.5941,1.018142547,,,,,,,
6.5992,1.02296445,,,,,,,
6.6042,1.030847792,,,,,,,
6.6093,1.044458901,,,,,,,
6.6143,1.062264351,,,,,,,
6.6194,1.073630822,,,,,,,
6.6244,1.086232827,,,,,,,
6.6295,1.098358428,,,,,,,
6.6345,1.111417745,,,,,,,
6.6395,1.123306117,,,,,,,
6.6446,1.132864534,,,,,,,
6.6496,1.14220453,,,,,,,
6.6547,1.147534299,,,,,,,
6.6597,1.151537382,,,,,,,
6.6648,1.143920542,,,,,,,
6.6698,1.128437107,,,,,,,
6.6749,1.106390367,,,,,,,
6.6799,1.070609234,,,,,,,
6.685,1.029851734,,,,,,,
6.69,0.985996977,,,,,,,
6.695,0.947060795,,,,,,,
6.7001,0.910026962,,,,,,,
6.7051,0.8760051,,,,,,,
6.7102,0.858177023,,,,,,,
6.7152,0.841563022,,,,,,,
6.7203,0.825492857,,,,,,,
6.7253,0.813379918,,,,,,,
6.7304,0.80195789,,,,,,,
6.7354,0.789748755,,,,,,,
6.7404,0.767757386,,,,,,,
6.7455,0.743384716,,,,,,,
6.7505,0.714829513,,,,,,,
6.7556,0.689452038,,,,,,,
6.7606,0.665454819,,,,,,,
6.7657,0.644634122,,,,,,,
6.7707,,,,,,,,
6.7758,,,,,,,,
6.7808,,,,,,,,
6.7859,,,,,,,,
6.7909,,,,,,,,
6.7959,,,,,,,,
6.801,,,,,,,,
6.806,,,,,,,,
6.8111,,,,,,,,
6.8161,,,,,,,,
6.8212,,,,,,,,
6.8262,,,,,,,,
6.8313,,,,,,,,
6.8363,,,,,,,,
6.8414,,,,,,,,
6.8464,,,,,,,,
6.8514,,,,,,,,
6.8565,,,,,,,,
6.8615,,,,,,,,
6.8666,,,,,,,,
6.8716,,,,,,,,
6.8767,,,,,,,,
6.8817,,,,,,,,
6.8868,,,,,,,,
6.8918,,,,,,,,
6.8969,,,,,,,,
6.9019,,,,,,,,
6.9069,,,,,,,,
6.912,,,,,,,,
6.917,,,,,,,,
6.9221,,,,,,,,
6.9271,,,,,,,,
6.9322,,,,,,,,
6.9372,,,,,,,,
6.9423,,,,,,,,
6.9473,,,,,,,,
6.9523,,,,,,,,
6.9574,,,,,,,,
6.9624,,,,,,,,
6.9675,,,,,,,,
6.9725,,,,,,,,
6.9776,,,,,,,,
6.9826,,,,,,,,
6.9877,,,,,,,,
6.9927,,,,,,,,