year,site,colony,track,sample,calc,extension,density,hdbands,partmort,height,diameter
2013,del,del01,t1,del01_t1,0.36,0.3128,1.151889664,0,0,7,15
2012,del,del01,t1,del01_t1,0.718,0.6357,1.129101849,0,0,7,15
2011,del,del01,t1,del01_t1,0.675,0.6306,1.070141312,0,0,7,15
2010,del,del01,t1,del01_t1,0.409,0.3431,1.191558205,0,0,7,15
2009,del,del01,t1,del01_t1,0.861,0.7618,1.130322313,0,0,7,15
2008,del,del01,t1,del01_t1,0.752,0.6256,1.202736412,0,0,7,15
2007,del,del01,t1,del01_t1,1.02,0.7922,1.287739061,0,0,7,15
2006,del,del01,t1,del01_t1,0.655,0.4692,1.396265107,0,0,7,15
2005,del,del01,t1,del01_t1,0.738,0.5549,1.329869247,0,0,7,15
2004,del,del01,t1,del01_t1,0.331,0.217,1.524719638,0,0,7,15
2013,del,del07,t1,del07_t1,1.647,0.935,1.761907177,0,0,10,19
2012,del,del07,t1,del07_t1,1.134,0.56,2.024386741,1,0,10,19
2011,del,del07,t1,del07_t1,1.237,0.72,1.718248528,0,0,10,19
2010,del,del07,t1,del07_t1,1.15,0.65,1.769442916,1,0,10,19
2009,del,del07,t1,del07_t1,1.129,0.775,1.457286693,0,0,10,19
2008,del,del07,t1,del07_t1,0.88,0.615,1.430751348,0,0,10,19
2007,del,del07,t1,del07_t1,1.078,0.87,1.238531556,0,0,10,19
2006,del,del07,t1,del07_t1,0.668,0.495,1.350267151,0,0,10,19
2005,del,del07,t1,del07_t1,0.985,0.855,1.151589957,0,0,10,19
2004,del,del07,t1,del07_t1,0.756,0.575,1.315483946,0,0,10,19
2013,del,del08,t1,del08_t1,0.869,0.9233,0.941128472,0,0,8,16
2012,del,del08,t1,del08_t1,0.837,0.787,1.063275322,0,0,8,16
2011,del,del08,t1,del08_t1,0.865,0.8426,1.026959586,0,0,8,16
2010,del,del08,t1,del08_t1,0.885,0.9283,0.953611869,0,0,8,16
2009,del,del08,t1,del08_t1,1.042,1.0393,1.002800682,0,0,8,16
2008,del,del08,t1,del08_t1,1.184,1.0898,1.086620208,0,0,8,16
2013,del,del09,t1,del09_t1,1.257,0.7215,1.742210906,0,0,6,15
2012,del,del09,t1,del09_t1,0.514,0.2724,1.886664739,0,0,6,15
2011,del,del09,t1,del09_t1,0.373,0.2119,1.760047078,0,0,6,15
2010,del,del09,t1,del09_t1,0.636,0.4238,1.499999217,0,0,6,15
2009,del,del09,t1,del09_t1,0.529,0.333,1.588965515,0,0,6,15
2008,del,del09,t1,del09_t1,0.583,0.3633,1.604755056,0,0,6,15
2007,del,del09,t1,del09_t1,0.641,0.4238,1.512800213,0,0,6,15
2006,del,del09,t1,del09_t1,0.825,0.6306,1.308775937,0,0,6,15
2005,del,del09,t1,del09_t1,0.821,0.6559,1.252166405,0,0,6,15
2004,del,del09,t1,del09_t1,0.561,0.4692,1.195815828,0,0,6,15
2003,del,del09,t1,del09_t1,0.465,0.3734,1.245684738,0,0,6,15
2013,del,del12,t1,del12_t1,1.128,0.7871,1.43343696,0,0,12,20
2012,del,del12,t1,del12_t1,1.069,0.8072,1.324481987,0,0,12,20
2011,del,del12,t1,del12_t1,1.368,1.1453,1.194347517,0,0,12,20
2010,del,del12,t1,del12_t1,1.308,1.0747,1.217275307,0,0,12,20
2009,del,del12,t1,del12_t1,1.039,0.7971,1.303957397,0,0,12,20
2008,del,del12,t1,del12_t1,0.888,0.7063,1.25728403,0,0,12,20
2007,del,del12,t1,del12_t1,0.66,0.6256,1.055594198,0,0,12,20
2006,del,del12,t1,del12_t1,0.541,0.4642,1.164679787,0,0,12,20
2005,del,del12,t1,del12_t1,0.757,0.6307,1.200004638,0,0,12,20
2004,del,del12,t1,del12_t1,0.932,0.7164,1.30139603,0,0,12,20
2013,del,del20,t1,del20_t1,0.609,0.5247,1.160647772,0,0,9,14
2012,del,del20,t1,del20_t1,0.534,0.4389,1.215600465,0,0,9,14
2011,del,del20,t1,del20_t1,0.861,0.7164,1.202193941,0,0,9,14
2010,del,del20,t1,del20_t1,0.338,0.2523,1.338031811,0,0,9,14
2009,del,del20,t1,del20_t1,0.772,0.6458,1.194826954,0,0,9,14
2008,del,del20,t1,del20_t1,0.806,0.6609,1.21969911,0,0,9,14
2007,del,del20,t1,del20_t1,1.13,0.9586,1.178584408,0,0,9,14
2006,del,del20,t1,del20_t1,0.702,0.666,1.053891014,0,0,9,14
2005,del,del20,t1,del20_t1,0.64,0.6559,0.975897489,0,0,9,14
2004,del,del20,t1,del20_t1,0.635,0.5549,1.14467069,0,0,9,14
2003,del,del20,t1,del20_t1,1.336,1.1352,1.176751063,0,0,9,14
2002,del,del20,t1,del20_t1,0.594,0.4591,1.29466899,0,0,9,14
2013,ras,ras04,t1,ras04_t1,0.352,0.2422,1.454222936,0,0,7.5,14
2012,ras,ras04,t1,ras04_t1,0.573,0.3582,1.59884764,0,0,7.5,14
2011,ras,ras04,t1,ras04_t1,0.642,0.4288,1.497053722,0,0,7.5,14
2010,ras,ras04,t1,ras04_t1,0.599,0.444,1.350080689,0,0,7.5,14
2009,ras,ras04,t1,ras04_t1,0.585,0.444,1.316818455,0,0,7.5,14
2008,ras,ras04,t1,ras04_t1,0.604,0.444,1.360763025,0,0,7.5,14
2007,ras,ras04,t1,ras04_t1,0.621,0.4843,1.282584481,0,0,7.5,14
2006,ras,ras04,t1,ras04_t1,0.671,0.5146,1.304615111,0,0,7.5,14
2005,ras,ras04,t1,ras04_t1,0.745,0.5701,1.30696491,0,0,7.5,14
2004,ras,ras04,t1,ras04_t1,0.701,0.4592,1.527008908,0,0,7.5,14
2003,ras,ras04,t1,ras04_t1,0.495,0.338,1.464523537,0,0,7.5,14
2002,ras,ras04,t1,ras04_t1,0.579,0.4036,1.433689952,0,0,7.5,14
2001,ras,ras04,t1,ras04_t1,0.307,0.217,1.413124168,0,0,7.5,14
2000,ras,ras04,t1,ras04_t1,0.7,0.4742,1.476630503,0,0,7.5,14
1999,ras,ras04,t1,ras04_t1,0.708,0.3683,1.921357887,0,0,7.5,14
2013,ras,ras07,t1,ras07_t1,0.468,0.5146,0.908472628,0,0,4,11
2012,ras,ras07,t1,ras07_t1,0.54,0.5146,1.050146214,0,0,4,11
2011,ras,ras07,t1,ras07_t1,0.367,0.3279,1.120293377,0,0,4,11
2010,ras,ras07,t1,ras07_t1,0.424,0.3179,1.333943005,0,0,4,11
2009,ras,ras07,t1,ras07_t1,0.372,0.2623,1.41699776,0,0,4,11
2008,ras,ras07,t1,ras07_t1,0.511,0.333,1.534394661,0,0,4,11
2007,ras,ras07,t1,ras07_t1,0.551,0.3633,1.517027294,0,0,4,11
2006,ras,ras07,t1,ras07_t1,0.563,0.4036,1.394170038,0,0,4,11
2013,ras,ras09,t1,ras09_t1,0.3,0.2119,1.418028685,0,0,5,18
2012,ras,ras09,t1,ras09_t1,0.859,0.6104,1.407224212,0,0,5,18
2011,ras,ras09,t1,ras09_t1,0.465,0.3179,1.462539626,0,0,5,18
2010,ras,ras09,t1,ras09_t1,0.683,0.4843,1.411224351,0,0,5,18
2009,ras,ras09,t1,ras09_t1,0.993,0.6761,1.469250547,0,0,5,18
2008,ras,ras09,t1,ras09_t1,0.728,0.5196,1.400745484,0,0,5,18
2007,ras,ras09,t1,ras09_t1,0.492,0.3078,1.598221128,0,0,5,18
2006,ras,ras09,t1,ras09_t1,0.534,0.3027,1.763206791,0,0,5,18
2013,ras,ras11,t1,ras11_t1,0.83,0.5499,1.510067803,1,0,11,14
2012,ras,ras11,t1,ras11_t1,0.807,0.4793,1.682977163,1,0,11,14
2011,ras,ras11,t1,ras11_t1,1.341,0.8375,1.601444216,0,0,11,14
2010,ras,ras11,t1,ras11_t1,0.761,0.4743,1.605190327,0,0,11,14
2009,ras,ras11,t1,ras11_t1,1.352,0.9737,1.388186649,0,0,11,14
2008,ras,ras11,t1,ras11_t1,0.841,0.6509,1.292686559,0,0,11,14
2007,ras,ras11,t1,ras11_t1,0.777,0.6054,1.284208987,0,0,11,14
2006,ras,ras11,t1,ras11_t1,1.093,0.8325,1.312845373,0,0,11,14
2005,ras,ras11,t1,ras11_t1,1.201,1.0141,1.184375482,0,0,11,14
2004,ras,ras11,t1,ras11_t1,0.753,0.5903,1.276333046,0,0,11,14
2003,ras,ras11,t1,ras11_t1,0.993,0.898,1.105626309,0,0,11,14
2002,ras,ras11,t1,ras11_t1,0.832,0.9031,0.921658111,0,0,11,14
2001,ras,ras11,t1,ras11_t1,1.299,1.3521,0.960358178,0,0,11,14
2013,ras,ras12,t1,ras12_t1,0.702,0.5197,1.351514891,0,0,12,16
2012,ras,ras12,t1,ras12_t1,0.828,0.5751,1.440465387,0,0,12,16
2011,ras,ras12,t1,ras12_t1,0.986,0.6256,1.576498358,0,0,12,16
2010,ras,ras12,t1,ras12_t1,0.798,0.4491,1.776386716,0,0,12,16
2009,ras,ras12,t1,ras12_t1,0.469,0.2623,1.787400908,0,0,12,16
2008,ras,ras12,t1,ras12_t1,1.525,0.893,1.707831829,0,0,12,16
2007,ras,ras12,t1,ras12_t1,0.775,0.4793,1.616763277,0,0,12,16
2006,ras,ras12,t1,ras12_t1,1.277,0.7265,1.757198656,0,0,12,16
2005,ras,ras12,t1,ras12_t1,0.706,0.3936,1.792587447,0,0,12,16
2004,ras,ras12,t1,ras12_t1,0.819,0.6004,1.363652075,0,0,12,16
2003,ras,ras12,t1,ras12_t1,0.727,0.4893,1.486018032,1,1,12,16
2002,ras,ras12,t1,ras12_t1,0.614,0.4238,1.449600272,0,0,12,16
2001,ras,ras12,t1,ras12_t1,1.058,0.6307,1.677848451,0,0,12,16
2000,ras,ras12,t1,ras12_t1,1.452,0.6206,2.339443606,0,0,12,16
1999,ras,ras12,t1,ras12_t1,1.287,0.5247,2.453572955,0,0,12,16
1998,ras,ras12,t1,ras12_t1,0.594,0.333,1.783882946,0,0,12,16
1997,ras,ras12,t1,ras12_t1,0.577,0.3683,1.566033855,0,0,12,16
1996,ras,ras12,t1,ras12_t1,0.637,0.3582,1.776944301,0,0,12,16
2013,ras,ras13,t1,ras13_t1,0.804,0.6912,1.163063116,0,0,8.5,23
2012,ras,ras13,t1,ras13_t1,1.039,0.7316,1.420699286,1,0,8.5,23
2011,ras,ras13,t1,ras13_t1,1.143,0.777,1.470745466,0,0,8.5,23
2010,ras,ras13,t1,ras13_t1,0.943,0.6659,1.416181199,1,0,8.5,23
2009,ras,ras13,t1,ras13_t1,0.562,0.3431,1.638122887,0,0,8.5,23
2008,ras,ras13,t1,ras13_t1,0.574,0.3834,1.496715183,0,0,8.5,23
2007,ras,ras13,t1,ras13_t1,0.597,0.4642,1.285784858,0,0,8.5,23
2006,ras,ras13,t1,ras13_t1,0.511,0.4137,1.234906706,0,0,8.5,23
2005,ras,ras13,t1,ras13_t1,0.694,0.5247,1.323308322,1,0,8.5,23
2004,ras,ras13,t1,ras13_t1,0.493,0.439,1.122181379,0,0,8.5,23
2003,ras,ras13,t1,ras13_t1,,,1.100511519,0,0,8.5,23
2013,ras,ras15,t1,ras15_t1,0.365,0.3178,1.147780042,0,0,6,14
2012,ras,ras15,t1,ras15_t1,0.578,0.4995,1.156725508,1,0,6,14
2011,ras,ras15,t1,ras15_t1,0.548,0.4137,1.323683863,0,0,6,14
2010,ras,ras15,t1,ras15_t1,1.327,1.004,1.321792954,0,0,6,14
2009,ras,ras15,t1,ras15_t1,0.884,0.6761,1.307650485,0,0,6,14
2008,ras,ras15,t1,ras15_t1,0.555,0.3834,1.448848457,1,0,6,14
2007,ras,ras15,t1,ras15_t1,0.585,0.3986,1.467404659,0,0,6,14
2006,ras,ras15,t1,ras15_t1,0.526,0.4339,1.212452827,0,0,6,14
2005,ras,ras15,t1,ras15_t1,0.716,0.671,1.067333091,1,0,6,14
2004,ras,ras15,t1,ras15_t1,0.38,0.3481,1.091673264,0,0,6,14
2013,ras,ras16,t1,ras16_t1,0.604,0.4743,1.273840787,0,0,7,15
2012,ras,ras16,t1,ras16_t1,0.651,0.449,1.448860241,0,0,7,15
2011,ras,ras16,t1,ras16_t1,0.676,0.56,1.206631139,0,0,7,15
2010,ras,ras16,t1,ras16_t1,0.875,0.7215,1.213169725,0,0,7,15
2009,ras,ras16,t1,ras16_t1,0.54,0.3935,1.37123791,0,0,7,15
2008,ras,ras16,t1,ras16_t1,0.513,0.3582,1.432346008,0,0,7,15
2007,ras,ras16,t1,ras16_t1,0.454,0.333,1.363047084,0,0,7,15
2006,ras,ras16,t1,ras16_t1,0.626,0.4843,1.293457584,0,0,7,15
2005,ras,ras16,t1,ras16_t1,0.753,0.6458,1.166435539,0,0,7,15
2004,ras,ras16,t1,ras16_t1,0.533,0.3683,1.446576989,0,0,7,15
2003,ras,ras16,t1,ras16_t1,0.301,0.1918,1.566861235,0,0,7,15
2013,ras,ras21,t1,ras21_t1,0.738,0.6962,1.059797457,0,0,8.5,24
2012,ras,ras21,t1,ras21_t1,0.494,0.4238,1.164469051,1,0,8.5,24
2011,ras,ras21,t1,ras21_t1,0.388,0.3179,1.221837663,1,0,8.5,24
2010,ras,ras21,t1,ras21_t1,0.493,0.454,1.085430555,0,0,8.5,24
2009,ras,ras21,t1,ras21_t1,0.319,0.333,0.959085243,0,0,8.5,24
2008,ras,ras21,t1,ras21_t1,0.873,0.9283,0.940640445,0,0,8.5,24
2007,ras,ras21,t1,ras21_t1,0.477,0.4642,1.028500998,0,0,8.5,24
2006,ras,ras21,t1,ras21_t1,0.494,0.4743,1.040794888,0,0,8.5,24
2005,ras,ras21,t1,ras21_t1,0.442,0.4338,1.019727894,0,0,8.5,24
2004,ras,ras21,t1,ras21_t1,0.623,0.4844,1.285353512,0,0,8.5,24
2003,ras,ras21,t1,ras21_t1,0.718,0.5146,1.39504033,1,1,8.5,24
2013,sad,sad05,t1,sad05_t1,1.654,0.6509,1.038662472,0,0,11,18
2012,sad,sad05,t1,sad05_t1,1.458,0.6811,1.138132795,0,0,11,18
2011,sad,sad05,t1,sad05_t1,1.396,0.5499,1.312465753,0,0,11,18
2010,sad,sad05,t1,sad05_t1,1.262,0.7063,1.300547682,0,0,11,18
2009,sad,sad05,t1,sad05_t1,1.273,0.9082,0.947415497,0,0,11,18
2008,sad,sad05,t1,sad05_t1,1.203,0.8678,0.869273652,0,0,11,18
2007,sad,sad05,t1,sad05_t1,1.142,0.6458,1.039177795,0,0,11,18
2006,sad,sad05,t1,sad05_t1,1.128,0.7265,1.038705245,0,0,11,18
2005,sad,sad05,t1,sad05_t1,1.084,0.56,1.134762376,0,0,11,18
2004,sad,sad05,t1,sad05_t1,1.209,0.666,1.197089557,0,0,11,18
2003,sad,sad05,t1,sad05_t1,1.393,0.9081,1.288997834,0,0,11,18
2002,sad,sad05,t1,sad05_t1,1.752,,,0,0,11,18
2001,sad,sad05,t1,sad05_t1,1.52,,,0,0,11,18
2000,sad,sad05,t1,sad05_t1,1.507,,,0,0,11,18
1999,sad,sad05,t1,sad05_t1,1.499,,,0,0,11,18
1998,sad,sad05,t1,sad05_t1,1.626,,,0,0,11,18
1997,sad,sad05,t1,sad05_t1,1.909,,,0,0,11,18
2013,sad,sad07,t1,sad07_t1,1.314,0.8526,1.541231615,0,0,10,17
2012,sad,sad07,t1,sad07_t1,1.114,0.7619,1.462095951,0,0,10,17
2011,sad,sad07,t1,sad07_t1,1.193,0.7719,1.545148119,0,0,10,17
2010,sad,sad07,t1,sad07_t1,1.461,0.8324,1.755606518,0,0,10,17
2009,sad,sad07,t1,sad07_t1,0.954,0.5651,1.688882836,0,0,10,17
2008,sad,sad07,t1,sad07_t1,1.024,0.5853,1.748756866,0,0,10,17
2007,sad,sad07,t1,sad07_t1,1.593,0.8829,1.804059922,0,0,10,17
2006,sad,sad07,t1,sad07_t1,1.421,0.8123,1.749964803,0,0,10,17
2005,sad,sad07,t1,sad07_t1,1.618,0.8627,1.875989521,0,0,10,17
2004,sad,sad07,t1,sad07_t1,0.834,0.4692,1.777228882,0,0,10,17
2003,sad,sad07,t1,sad07_t1,1.084,0.6862,1.579263264,0,0,10,17
2013,sad,sad08,t1,sad08_t1,0.681,0.53,1.284728746,0,0,11,16
2012,sad,sad08,t1,sad08_t1,0.862,0.735,1.172577512,0,0,11,16
2011,sad,sad08,t1,sad08_t1,0.561,0.355,1.58093587,0,0,11,16
2010,sad,sad08,t1,sad08_t1,1.092,0.855,1.277626728,0,0,11,16
2009,sad,sad08,t1,sad08_t1,0.818,0.595,1.375353496,0,0,11,16
2008,sad,sad08,t1,sad08_t1,0.788,0.54,1.460057347,0,0,11,16
2007,sad,sad08,t1,sad08_t1,0.815,0.71,1.147364943,0,0,11,16
2006,sad,sad08,t1,sad08_t1,1.253,0.995,1.259601617,0,0,11,16
2005,sad,sad08,t1,sad08_t1,1.04,0.58,1.792329869,0,0,11,16
2004,sad,sad08,t1,sad08_t1,1.126,0.705,1.597437176,0,0,11,16
2003,sad,sad08,t1,sad08_t1,0.84,0.6,1.399189507,0,0,11,16
2002,sad,sad08,t1,sad08_t1,0.745,0.555,1.342315444,0,0,11,16
2001,sad,sad08,t1,sad08_t1,0.751,0.52,1.444176835,0,0,11,16
2013,sad,sad12,t1,sad12_t1,0.823,0.5348,1.53968555,0,0,9,16
2012,sad,sad12,t1,sad12_t1,1.222,0.782,1.56287558,0,0,9,16
2011,sad,sad12,t1,sad12_t1,1.106,0.8324,1.328656931,0,0,9,16
2010,sad,sad12,t1,sad12_t1,1.61,1.226,1.313274031,0,0,9,16
2009,sad,sad12,t1,sad12_t1,0.616,0.3835,1.606029775,0,0,9,16
2008,sad,sad12,t1,sad12_t1,0.931,0.5802,1.605085555,0,0,9,16
2007,sad,sad12,t1,sad12_t1,1.057,0.5953,1.776186119,0,0,9,16
2006,sad,sad12,t1,sad12_t1,0.649,0.3784,1.715055577,0,0,9,16
2005,sad,sad12,t1,sad12_t1,0.547,0.3532,1.549836736,1,1,9,16
2004,sad,sad12,t1,sad12_t1,0.487,0.3431,1.419295832,0,0,9,16
2003,sad,sad12,t1,sad12_t1,0.574,0.4338,1.323734219,0,0,9,16
2002,sad,sad12,t1,sad12_t1,0.677,0.4238,1.598610949,0,0,9,16
2001,sad,sad12,t1,sad12_t1,1.175,0.6862,1.712785376,0,0,9,16
2000,sad,sad12,t1,sad12_t1,1.079,0.5449,1.979956341,0,0,9,16
2013,sad,sad13,t1,sad13_t1,0.315,0.2472,1.274744461,0,0,5,15
2012,sad,sad13,t1,sad13_t1,0.421,0.3128,1.347159567,0,0,5,15
2011,sad,sad13,t1,sad13_t1,0.394,0.2523,1.560656117,0,0,5,15
2010,sad,sad13,t1,sad13_t1,0.509,0.3229,1.5766207,0,0,5,15
2009,sad,sad13,t1,sad13_t1,0.468,0.3027,1.545434448,0,0,5,15
2008,sad,sad13,t1,sad13_t1,0.493,0.3633,1.357465254,0,0,5,15
2007,sad,sad13,t1,sad13_t1,0.483,0.3733,1.293870508,0,0,5,15
2006,sad,sad13,t1,sad13_t1,0.621,0.5045,1.231293412,0,0,5,15
2005,sad,sad13,t1,sad13_t1,0.64,0.5348,1.196879549,0,0,5,15
2004,sad,sad13,t1,sad13_t1,0.532,0.3986,1.335762411,0,0,5,15
2003,sad,sad13,t1,sad13_t1,0.337,0.2321,1.453714013,0,0,5,15
2013,sad,sad14,t1,sad14_t1,0.591,0.3834,1.541478037,0,0,4,14
2012,sad,sad14,t1,sad14_t1,0.701,0.5449,1.286285878,0,0,4,14
2011,sad,sad14,t1,sad14_t1,0.935,0.7871,1.188103551,0,0,4,14
2013,sad,sad15,t1,sad15_t1,0.571,0.345,1.654382508,0,0,14,22
2012,sad,sad15,t1,sad15_t1,0.627,0.43,1.45835893,0,0,14,22
2011,sad,sad15,t1,sad15_t1,1.151,0.825,1.395552797,0,0,14,22
2010,sad,sad15,t1,sad15_t1,0.795,0.63,1.261804271,0,0,14,22
2009,sad,sad15,t1,sad15_t1,1.126,0.885,1.272848824,0,0,14,22
2008,sad,sad15,t1,sad15_t1,1.029,0.855,1.203071164,0,0,14,22
2007,sad,sad15,t1,sad15_t1,0.92,0.805,1.142432948,0,0,14,22
2006,sad,sad15,t1,sad15_t1,1.044,0.925,1.128362404,0,0,14,22
2005,sad,sad15,t1,sad15_t1,1.159,1.07,1.083627762,0,0,14,22
2004,sad,sad15,t1,sad15_t1,0.877,0.725,1.208976671,0,0,14,22
2003,sad,sad15,t1,sad15_t1,0.857,0.615,1.393348524,1,0,14,22
2002,sad,sad15,t1,sad15_t1,0.639,0.365,1.751769477,1,0,14,22
2001,sad,sad15,t1,sad15_t1,1.672,1.1,1.519766557,0,0,14,22
2000,sad,sad15,t1,sad15_t1,0.799,0.53,1.506906139,0,0,14,22
1999,sad,sad15,t1,sad15_t1,0.997,0.665,1.498887677,0,0,14,22
1998,sad,sad15,t1,sad15_t1,1.065,0.655,1.626445081,0,0,14,22
1997,sad,sad15,t1,sad15_t1,1.547,0.81,1.909318786,0,0,14,22
2013,sad,sad22,t1,sad22_t1,1.063,0.7265,1.462623376,0,0,7,15
2012,sad,sad22,t1,sad22_t1,1.138,0.6206,1.834188731,1,0,7,15
2011,sad,sad22,t1,sad22_t1,0.943,0.5146,1.832057144,1,0,7,15
2010,sad,sad22,t1,sad22_t1,0.67,0.4137,1.620452397,0,0,7,15
2009,sad,sad22,t1,sad22_t1,0.976,0.5852,1.667172788,0,0,7,15
2008,sad,sad22,t1,sad22_t1,1.116,0.7871,1.417959751,0,0,7,15
2007,sad,sad22,t1,sad22_t1,1.325,0.8476,1.563538837,0,0,7,15
2006,sad,sad22,t1,sad22_t1,0.652,0.3935,1.657566794,0,0,7,15
2005,sad,sad22,t1,sad22_t1,1.607,1.0242,1.568570865,0,0,7,15
2013,dib,dib01,t1,dib01_t1,0.997,0.7619,1.308036253,0,0,,
2012,dib,dib01,t1,dib01_t1,1.015,0.9031,1.123965689,1,0,,
2011,dib,dib01,t1,dib01_t1,0.655,0.5499,1.191269006,0,0,,
2010,dib,dib01,t1,dib01_t1,0.582,0.5146,1.131774967,0,0,,
2009,dib,dib01,t1,dib01_t1,0.713,0.5752,1.239925275,0,0,,
2008,dib,dib01,t1,dib01_t1,0.715,0.5449,1.311791301,1,0,,
2007,dib,dib01,t1,dib01_t1,0.613,0.4187,1.464239933,0,0,,
2006,dib,dib01,t1,dib01_t1,0.828,0.5449,1.518727992,0,0,,
2005,dib,dib01,t1,dib01_t1,0.676,0.4339,1.557583686,0,0,,
2004,dib,dib01,t1,dib01_t1,0.638,0.4288,1.48745249,0,0,,
2003,dib,dib01,t1,dib01_t1,0.84,0.6004,1.399603557,0,0,,
2002,dib,dib01,t1,dib01_t1,0.42,0.2977,1.410518015,0,0,,
2001,dib,dib01,t1,dib01_t1,0.707,0.5247,1.347323587,0,0,,
2000,dib,dib01,t1,dib01_t1,0.956,0.7467,1.280707377,0,0,,
1999,dib,dib01,t1,dib01_t1,0.897,0.6357,1.410435545,0,0,,
1998,dib,dib01,t1,dib01_t1,0.66,0.5045,1.308710848,0,0,,
1997,dib,dib01,t1,dib01_t1,1.319,0.9939,1.32712981,0,0,,
1996,dib,dib01,t1,dib01_t1,0.802,0.5298,1.514089667,0,0,,
2013,dib,dib02,t1,dib02_t1,0.465,0.2321,2.002231979,1,0,,
2012,dib,dib02,t1,dib02_t1,0.697,0.3683,1.892222471,1,0,,
2011,dib,dib02,t1,dib02_t1,0.816,0.5247,1.555819094,1,0,,
2010,dib,dib02,t1,dib02_t1,1.135,0.893,1.271127127,1,0,,
2009,dib,dib02,t1,dib02_t1,0.708,0.7013,1.00970836,0,0,,
2008,dib,dib02,t1,dib02_t1,0.805,0.7013,1.147231555,0,0,,
2007,dib,dib02,t1,dib02_t1,0.579,0.449,1.289382901,0,0,,
2006,dib,dib02,t1,dib02_t1,0.837,0.7266,1.152472242,0,0,,
2005,dib,dib02,t1,dib02_t1,0.652,0.5398,1.207772461,0,0,,
2004,dib,dib02,t1,dib02_t1,0.517,0.3986,1.296260972,0,0,,
2003,dib,dib02,t1,dib02_t1,0.428,0.3531,1.211732394,0,0,,
2013,dib,dib03,t1,dib03_t1,0.779,0.4591,1.980521891,1,0,8,24
2012,dib,dib03,t1,dib03_t1,0.976,0.8426,1.216829102,0,0,8,24
2011,dib,dib03,t1,dib03_t1,1.08,0.7417,1.304807526,0,0,8,24
2010,dib,dib03,t1,dib03_t1,0.918,0.8375,1.137807964,0,0,8,24
2009,dib,dib03,t1,dib03_t1,0.671,0.3582,1.16638398,0,0,8,24
2008,dib,dib03,t1,dib03_t1,0.916,0.6004,1.31540649,0,0,8,24
2007,dib,dib03,t1,dib03_t1,0.822,0.8677,1.441092507,0,0,8,24
2006,dib,dib03,t1,dib03_t1,0.605,0.5046,1.557921745,0,0,8,24
2005,dib,dib03,t1,dib03_t1,1.055,0.6155,1.366213702,0,0,8,24
2013,dib,dib04,t1,dib04_t1,0.911,0.6912,1.317850033,1,0,14,28
2012,dib,dib04,t1,dib04_t1,0.765,0.6408,1.193485458,0,0,14,28
2011,dib,dib04,t1,dib04_t1,0.672,0.5297,1.268168566,0,0,14,28
2010,dib,dib04,t1,dib04_t1,1.354,0.9637,1.404901165,1,0,14,28
2009,dib,dib04,t1,dib04_t1,0.921,0.6407,1.437410708,0,0,14,28
2008,dib,dib04,t1,dib04_t1,0.77,0.6054,1.271597441,0,0,14,28
2007,dib,dib04,t1,dib04_t1,0.626,0.5954,1.052191245,0,0,14,28
2006,dib,dib04,t1,dib04_t1,0.405,0.4591,0.882587181,0,0,14,28
2005,dib,dib04,t1,dib04_t1,0.614,0.6559,0.936415702,0,0,14,28
2004,dib,dib04,t1,dib04_t1,0.762,0.6458,1.179803781,0,0,14,28
2003,dib,dib04,t1,dib04_t1,0.828,0.7013,1.181346408,0,0,14,28
2002,dib,dib04,t1,dib04_t1,0.609,0.6558,0.928595439,0,0,14,28
2001,dib,dib04,t1,dib04_t1,0.905,0.994,0.910483527,0,0,14,28
2000,dib,dib04,t1,dib04_t1,0.94,0.8173,1.150706924,0,0,14,28
1999,dib,dib04,t1,dib04_t1,1.055,0.9737,1.083899873,0,0,14,28
2013,dib,dib06,t1,dib06_t1,1.516,1.0595,1.431018203,0,0,8.5,21
2012,dib,dib06,t1,dib06_t1,0.873,0.6659,1.31094026,1,0,8.5,21
2011,dib,dib06,t1,dib06_t1,0.789,0.8729,0.904237984,0,0,8.5,21
2010,dib,dib06,t1,dib06_t1,0.852,0.787,1.08230833,0,0,8.5,21
2009,dib,dib06,t1,dib06_t1,0.544,0.4289,1.269272725,0,0,8.5,21
2008,dib,dib06,t1,dib06_t1,0.626,0.4843,1.291815789,0,0,8.5,21
2007,dib,dib06,t1,dib06_t1,0.439,0.3633,1.207037145,0,0,8.5,21
2006,dib,dib06,t1,dib06_t1,0.973,0.7467,1.303196182,0,0,8.5,21
2005,dib,dib06,t1,dib06_t1,0.853,0.6457,1.321787453,0,0,8.5,21
2004,dib,dib06,t1,dib06_t1,0.847,0.7165,1.181537246,0,0,8.5,21
2013,dib,dib08,t1,dib08_t1,0.611,0.4692,1.301598635,0,0,7,23
2012,dib,dib08,t1,dib08_t1,0.8,0.6256,1.279130192,0,0,7,23
2011,dib,dib08,t1,dib08_t1,0.857,0.7618,1.125605784,0,0,7,23
2010,dib,dib08,t1,dib08_t1,1.056,0.8527,1.23888827,0,0,7,23
2009,dib,dib08,t1,dib08_t1,0.799,0.6357,1.257396282,0,0,7,23
2008,dib,dib08,t1,dib08_t1,0.658,0.4894,1.343659308,0,0,7,23
2007,dib,dib08,t1,dib08_t1,0.941,0.7214,1.304705081,0,0,7,23
2006,dib,dib08,t1,dib08_t1,0.79,0.5954,1.326228529,0,0,7,23
2005,dib,dib08,t1,dib08_t1,0.671,0.5953,1.126595996,0,0,7,23
2004,dib,dib08,t1,dib08_t1,0.299,0.2624,1.138406921,0,0,7,23
2013,dib,dib15,t1,dib15_t1,0.512,0.4389,1.16716106,0,0,6,14
2012,dib,dib15,t1,dib15_t1,0.854,0.6912,1.236102314,0,0,6,14
2011,dib,dib15,t1,dib15_t1,0.595,0.4742,1.253856238,0,0,6,14
2010,dib,dib15,t1,dib15_t1,0.874,0.7366,1.186828799,0,0,6,14
2009,dib,dib15,t1,dib15_t1,0.734,0.5298,1.385363823,0,0,6,14
2008,dib,dib15,t1,dib15_t1,0.929,0.5953,1.560508939,0,0,6,14
2013,dib,dib16,t1,dib16_t1,0.5,0.3985,1.255642713,0,0,7,22
2012,dib,dib16,t1,dib16_t1,0.663,0.5601,1.183394622,0,0,7,22
2011,dib,dib16,t1,dib16_t1,0.613,0.5347,1.147312376,0,0,7,22
2010,dib,dib16,t1,dib16_t1,1.113,0.9637,1.15477524,0,0,7,22
2009,dib,dib16,t1,dib16_t1,0.926,0.7215,1.283367495,0,0,7,22
2008,dib,dib16,t1,dib16_t1,1.303,0.9586,1.359770475,0,0,7,22
2013,ala,ala01,t1,ala01_t1,1.121,0.7971,1.406555889,0,0,7,23
2012,ala,ala01,t1,ala01_t1,1.061,0.7619,1.392703066,0,0,7,23
2011,ala,ala01,t1,ala01_t1,0.882,0.6104,1.445414687,0,0,7,23
2010,ala,ala01,t1,ala01_t1,0.808,0.6559,1.231471994,0,0,7,23
2009,ala,ala01,t1,ala01_t1,0.413,0.3734,1.106967005,0,0,7,23
2008,ala,ala01,t1,ala01_t1,0.861,0.6811,1.264620454,0,0,7,23
2007,ala,ala01,t1,ala01_t1,0.839,0.6306,1.330941614,0,0,7,23
2006,ala,ala01,t1,ala01_t1,0.759,0.5601,1.354358623,0,0,7,23
2005,ala,ala01,t1,ala01_t1,0.872,0.6155,1.41746811,0,0,7,23
2013,ala,ala02,t1,ala02_t1,1.027,0.999,1.028094018,0,0,6,11
2012,ala,ala02,t1,ala02_t1,1.145,1.11,1.031657726,0,0,6,11
2011,ala,ala02,t1,ala02_t1,1.329,1.1604,1.144963588,0,0,6,11
2010,ala,ala02,t1,ala02_t1,1.452,1.0494,1.383864771,0,0,6,11
2013,ala,ala08,t1,ala08_t1,0.946,0.7215,1.311634769,0,0,8,15
2012,ala,ala08,t1,ala08_t1,0.705,0.4793,1.470621114,0,0,8,15
2011,ala,ala08,t1,ala08_t1,0.568,0.3986,1.42504031,0,0,8,15
2010,ala,ala08,t1,ala08_t1,0.789,0.6306,1.250536916,0,0,8,15
2009,ala,ala08,t1,ala08_t1,1.087,0.9334,1.164129814,0,0,8,15
2008,ala,ala08,t1,ala08_t1,0.578,0.4086,1.415055573,0,0,8,15
2007,ala,ala08,t1,ala08_t1,1.449,0.883,1.640925762,0,0,8,15
2006,ala,ala08,t1,ala08_t1,0.656,0.3784,1.733986092,0,0,8,15
2005,ala,ala08,t1,ala08_t1,1.112,0.7921,1.404299121,0,0,8,15
2013,ala,ala10,t1,ala10_t1,0.872,0.5953,1.464363021,0,0,8.5,18
2012,ala,ala10,t1,ala10_t1,0.998,0.6155,1.621336824,0,0,8.5,18
2011,ala,ala10,t1,ala10_t1,0.769,0.449,1.712428642,1,0,8.5,18
2010,ala,ala10,t1,ala10_t1,1.619,0.8729,1.854835962,0,0,8.5,18
2009,ala,ala10,t1,ala10_t1,1.287,0.6458,1.993216724,0,0,8.5,18
2008,ala,ala10,t1,ala10_t1,0.814,0.4641,1.753697208,0,0,8.5,18
2007,ala,ala10,t1,ala10_t1,0.942,0.5752,1.638399345,1,0,8.5,18
2006,ala,ala10,t1,ala10_t1,0.982,0.5398,1.819283779,0,0,8.5,18
2005,ala,ala10,t1,ala10_t1,0.679,0.3532,1.922772069,0,0,8.5,18
2004,ala,ala10,t1,ala10_t1,1.482,0.8325,1.779896545,0,0,8.5,18
2003,ala,ala10,t1,ala10_t1,0.882,0.4591,1.9203711,0,0,8.5,18
2002,ala,ala10,t1,ala10_t1,,,1.889138454,0,0,8.5,18
2013,ala,ala12,t1,ala12_t1,0.503,0.6861,1.047378668,1,0,13.5,23
2012,ala,ala12,t1,ala12_t1,0.514,0.3734,0.95651421,0,0,13.5,23
2011,ala,ala12,t1,ala12_t1,0.239,0.3632,1.023583779,0,0,13.5,23
2010,ala,ala12,t1,ala12_t1,0.561,0.6155,0.988364276,0,0,13.5,23
2009,ala,ala12,t1,ala12_t1,0.479,0.2876,1.037084554,0,0,13.5,23
2008,ala,ala12,t1,ala12_t1,0.422,0.444,1.146911381,0,0,13.5,23
2007,ala,ala12,t1,ala12_t1,0.505,0.555,1.167108299,0,0,13.5,23
2006,ala,ala12,t1,ala12_t1,0.727,1.0948,1.281631895,0,0,13.5,23
2005,ala,ala12,t1,ala12_t1,0.696,1.3269,1.266336106,0,0,13.5,23
2004,ala,ala12,t1,ala12_t1,1.21,0.7568,1.376217515,0,0,13.5,23
2003,ala,ala12,t1,ala12_t1,1.832,0.7416,1.262105586,0,0,13.5,23
2002,ala,ala12,t1,ala12_t1,0.815,0.666,1.473910828,0,0,13.5,23
2001,ala,ala12,t1,ala12_t1,1.26,0.5701,1.550964286,0,0,13.5,23
2000,ala,ala12,t1,ala12_t1,0.797,0.6559,1.534611805,0,0,13.5,23
1999,ala,ala12,t1,ala12_t1,0.463,0.6206,1.537604229,0,0,13.5,23
1998,ala,ala12,t1,ala12_t1,1.229,0.9737,1.338167144,0,0,13.5,23
2013,ala,ala14,t1,ala14_t1,1.335,1.3117,1.018092528,0,0,6,16
2012,ala,ala14,t1,ala14_t1,0.97,0.7921,1.224795258,0,0,6,16
2011,ala,ala14,t1,ala14_t1,0.967,0.7417,1.303733734,0,0,6,16
2010,ala,ala14,t1,ala14_t1,0.881,0.6609,1.332542742,0,0,6,16
2013,ala,ala21,t1,ala21_t1,1.169,0.635,1.841549414,0,0,5,14
2012,ala,ala21,t1,ala21_t1,1.087,0.575,1.891005278,0,0,5,14
2011,ala,ala21,t1,ala21_t1,1.131,0.61,1.853488407,0,0,5,14
2010,ala,ala21,t1,ala21_t1,1.451,0.72,2.014659052,0,0,5,14
2009,ala,ala21,t1,ala21_t1,0.958,0.465,2.060309778,0,0,5,14
2008,ala,ala21,t1,ala21_t1,1.993,0.88,2.264458448,0,0,5,14
2012,del,del01,t2,del01_t2,0.693,0.7114,0.9738381,0,0,7,15
2011,del,del01,t2,del01_t2,0.458,0.4439,1.031377587,0,0,7,15
2010,del,del01,t2,del01_t2,0.444,0.3835,1.157074635,0,0,7,15
2009,del,del01,t2,del01_t2,1.183,1.009,1.172625459,0,0,7,15
2008,del,del01,t2,del01_t2,0.504,0.4743,1.061967817,0,0,7,15
2007,del,del01,t2,del01_t2,0.809,0.782,1.034566649,0,0,7,15
2006,del,del01,t2,del01_t2,0.423,0.3633,1.165196025,0,0,7,15
2005,del,del01,t2,del01_t2,0.589,0.4238,1.388974266,0,0,7,15
2004,del,del01,t2,del01_t2,0.747,0.4742,1.574698797,0,0,7,15
2013,del,del07,t2,del07_t2,0.746,0.4591,1.623974812,0,0,10,19
2012,del,del07,t2,del07_t2,0.949,0.5499,1.726307356,1,0,10,19
2011,del,del07,t2,del07_t2,0.818,0.4339,1.885755936,0,0,10,19
2010,del,del07,t2,del07_t2,0.772,0.4692,1.646305263,1,0,10,19
2009,del,del07,t2,del07_t2,1.431,0.8527,1.677766434,0,0,10,19
2008,del,del07,t2,del07_t2,0.533,0.2623,2.033147493,0,0,10,19
2007,del,del07,t2,del07_t2,0.727,0.4339,1.675278477,0,0,10,19
2006,del,del07,t2,del07_t2,0.5,0.328,1.523549778,0,0,10,19
2005,del,del07,t2,del07_t2,0.894,0.671,1.332949208,0,0,10,19
2004,del,del07,t2,del07_t2,0.879,0.6458,1.361188342,0,0,10,19
2013,del,del08,t2,del08_t2,0.923,0.5903,1.563644074,0,0,8,16
2012,del,del08,t2,del08_t2,0.948,0.5752,1.647690355,0,0,8,16
2011,del,del08,t2,del08_t2,0.861,0.5549,1.550851319,0,0,8,16
2010,del,del08,t2,del08_t2,1.456,1.0696,1.360979347,0,0,8,16
2009,del,del08,t2,del08_t2,1.061,0.8275,1.281838737,0,0,8,16
2008,del,del08,t2,del08_t2,1.529,1.2209,1.252534654,0,0,8,16
2007,del,del08,t2,del08_t2,0.444,0.3128,1.420734879,0,0,8,16
2006,del,del08,t2,del08_t2,0.661,0.4944,1.336218291,0,0,8,16
2005,del,del08,t2,del08_t2,0.626,0.4238,1.478135062,0,0,8,16
2013,del,del09,t2,del09_t2,0.93,0.555,1.675252148,0,0,6,15
2012,del,del09,t2,del09_t2,0.469,0.2926,1.601782196,0,0,6,15
2011,del,del09,t2,del09_t2,0.425,0.2725,1.558735374,0,0,6,15
2010,del,del09,t2,del09_t2,0.655,0.4692,1.396099859,0,0,6,15
2009,del,del09,t2,del09_t2,0.624,0.4288,1.454176303,0,0,6,15
2008,del,del09,t2,del09_t2,0.691,0.4793,1.441215274,0,0,6,15
2007,del,del09,t2,del09_t2,0.318,0.2422,1.314180592,0,0,6,15
2006,del,del09,t2,del09_t2,0.765,0.6508,1.175890761,0,0,6,15
2005,del,del09,t2,del09_t2,0.62,0.4945,1.254106246,0,0,6,15
2004,del,del09,t2,del09_t2,0.597,0.3733,1.599520192,0,0,6,15
2003,del,del09,t2,del09_t2,0.683,0.3885,1.759098379,0,0,6,15
2013,del,del12,t2,del12_t2,0.584,0.5802,1.006972175,0,0,12,20
2012,del,del12,t2,del12_t2,0.721,0.6711,1.073680439,0,0,12,20
2011,del,del12,t2,del12_t2,0.667,0.5852,1.139950582,0,0,12,20
2010,del,del12,t2,del12_t2,0.625,0.5852,1.068208641,0,0,12,20
2009,del,del12,t2,del12_t2,0.855,0.7972,1.072146394,0,0,12,20
2008,del,del12,t2,del12_t2,1.077,0.9838,1.094405781,0,0,12,20
2007,del,del12,t2,del12_t2,1.238,0.9939,1.245254623,0,0,12,20
2006,del,del12,t2,del12_t2,1.464,1.1403,1.283789401,0,0,12,20
2013,del,del20,t2,del20_t2,0.475,0.4339,1.093768352,0,0,9,14
2012,del,del20,t2,del20_t2,0.585,0.5146,1.136254265,0,0,9,14
2011,del,del20,t2,del20_t2,0.878,0.7921,1.107911668,0,0,9,14
2010,del,del20,t2,del20_t2,1.497,1.2109,1.236427802,0,0,9,14
2009,del,del20,t2,del20_t2,0.64,0.4541,1.409792368,0,0,9,14
2008,del,del20,t2,del20_t2,0.543,0.3632,1.49448694,0,0,9,14
2007,del,del20,t2,del20_t2,0.618,0.444,1.39134338,0,0,9,14
2006,del,del20,t2,del20_t2,0.582,0.4793,1.21442041,0,0,9,14
2005,del,del20,t2,del20_t2,0.571,0.4692,1.216618182,0,0,9,14
2004,del,del20,t2,del20_t2,0.534,0.4894,1.090822862,0,0,9,14
2003,del,del20,t2,del20_t2,0.347,0.3885,0.893740279,0,0,9,14
2013,ras,ras04,t2,ras04_t2,0.367,0.2422,1.514427589,0,0,7.5,14
2012,ras,ras04,t2,ras04_t2,0.586,0.3582,1.635825125,0,0,7.5,14
2011,ras,ras04,t2,ras04_t2,0.664,0.4288,1.54752666,0,0,7.5,14
2010,ras,ras04,t2,ras04_t2,0.627,0.444,1.412222588,0,0,7.5,14
2009,ras,ras04,t2,ras04_t2,0.592,0.444,1.333759719,0,0,7.5,14
2008,ras,ras04,t2,ras04_t2,0.608,0.449,1.353539844,0,0,7.5,14
2007,ras,ras04,t2,ras04_t2,0.634,0.4642,1.365737512,0,0,7.5,14
2006,ras,ras04,t2,ras04_t2,0.719,0.5297,1.35798552,0,0,7.5,14
2005,ras,ras04,t2,ras04_t2,0.733,0.5651,1.29788058,0,0,7.5,14
2004,ras,ras04,t2,ras04_t2,0.661,0.4642,1.424543963,0,0,7.5,14
2003,ras,ras04,t2,ras04_t2,0.457,0.338,1.351073311,0,0,7.5,14
2002,ras,ras04,t2,ras04_t2,0.537,0.4036,1.329604272,0,0,7.5,14
2001,ras,ras04,t2,ras04_t2,0.284,0.217,1.308369792,0,0,7.5,14
2000,ras,ras04,t2,ras04_t2,0.671,0.4742,1.415673911,0,0,7.5,14
1999,ras,ras04,t2,ras04_t2,0.707,0.3683,1.919925406,0,0,7.5,14
2013,ras,ras07,t2,ras07_t2,0.624,0.4843,1.289152851,0,0,4,11
2012,ras,ras07,t2,ras07_t2,0.463,0.3683,1.256259923,0,0,4,11
2011,ras,ras07,t2,ras07_t2,0.42,0.3027,1.387827772,0,0,4,11
2010,ras,ras07,t2,ras07_t2,0.61,0.3835,1.589398853,0,0,4,11
2009,ras,ras07,t2,ras07_t2,0.321,0.2068,1.554105806,0,0,4,11
2008,ras,ras07,t2,ras07_t2,0.758,0.4894,1.549129533,0,0,4,11
2007,ras,ras07,t2,ras07_t2,0.398,0.2573,1.54776712,0,0,4,11
2006,ras,ras07,t2,ras07_t2,0.562,0.3835,1.465313207,0,0,4,11
2013,ras,ras09,t2,ras09_t2,0.671,0.4743,1.41384116,0,0,5,18
2012,ras,ras09,t2,ras09_t2,0.552,0.4137,1.33344834,0,0,5,18
2011,ras,ras09,t2,ras09_t2,0.616,0.4238,1.453425092,0,0,5,18
2010,ras,ras09,t2,ras09_t2,0.6,0.449,1.335767663,0,0,5,18
2009,ras,ras09,t2,ras09_t2,0.758,0.5752,1.317687644,0,0,5,18
2008,ras,ras09,t2,ras09_t2,0.592,0.4389,1.347950399,0,0,5,18
2007,ras,ras09,t2,ras09_t2,0.505,0.3229,1.562776861,0,0,5,18
2006,ras,ras09,t2,ras09_t2,0.649,0.3683,1.760807748,0,0,5,18
2013,ras,ras11,t2,ras11_t2,0.943,0.671,1.404905906,1,0,11,14
2012,ras,ras11,t2,ras11_t2,0.843,0.4491,1.878064552,1,0,11,14
2011,ras,ras11,t2,ras11_t2,1.19,0.6508,1.829063577,0,0,11,14
2010,ras,ras11,t2,ras11_t2,0.892,0.5852,1.524580984,0,0,11,14
2009,ras,ras11,t2,ras11_t2,1.261,0.9486,1.329786359,0,0,11,14
2008,ras,ras11,t2,ras11_t2,0.86,0.787,1.09306622,0,0,11,14
2007,ras,ras11,t2,ras11_t2,0.888,0.7215,1.230143343,0,0,11,14
2006,ras,ras11,t2,ras11_t2,0.736,0.565,1.302734242,0,0,11,14
2005,ras,ras11,t2,ras11_t2,0.908,0.6509,1.395137585,0,0,11,14
2004,ras,ras11,t2,ras11_t2,0.97,0.6508,1.490499401,0,0,11,14
2003,ras,ras11,t2,ras11_t2,0.857,0.6055,1.414951344,0,0,11,14
2002,ras,ras11,t2,ras11_t2,0.614,0.5347,1.148028653,0,0,11,14
2001,ras,ras11,t2,ras11_t2,0.718,0.7316,0.981491696,0,0,11,14
2013,ras,ras12,t2,ras12_t2,0.634,0.5045,1.256621873,0,0,12,16
2012,ras,ras12,t2,ras12_t2,0.913,0.6357,1.436127979,0,0,12,16
2011,ras,ras12,t2,ras12_t2,0.498,0.333,1.495117941,0,0,12,16
2010,ras,ras12,t2,ras12_t2,1.07,0.6558,1.631522124,0,0,12,16
2009,ras,ras12,t2,ras12_t2,0.549,0.3229,1.701344978,0,0,12,16
2008,ras,ras12,t2,ras12_t2,0.873,0.5298,1.647692453,0,0,12,16
2007,ras,ras12,t2,ras12_t2,1.554,0.9233,1.682768221,0,0,12,16
2006,ras,ras12,t2,ras12_t2,0.73,0.4238,1.722411588,0,0,12,16
2005,ras,ras12,t2,ras12_t2,0.985,0.5297,1.858892725,0,0,12,16
2004,ras,ras12,t2,ras12_t2,1.171,0.8325,1.40613112,0,0,12,16
2003,ras,ras12,t2,ras12_t2,0.315,0.2422,1.299018979,1,0,12,16
2002,ras,ras12,t2,ras12_t2,0.776,0.5247,1.479851922,0,0,12,16
2001,ras,ras12,t2,ras12_t2,0.757,0.4742,1.595891797,0,0,12,16
2000,ras,ras12,t2,ras12_t2,0.504,0.3128,1.60980851,0,0,12,16
1999,ras,ras12,t2,ras12_t2,0.755,0.4289,1.761440432,0,0,12,16
1998,ras,ras12,t2,ras12_t2,1.243,0.5348,2.32380977,0,0,12,16
1997,ras,ras12,t2,ras12_t2,1.283,0.4793,2.67586016,0,0,12,16
1996,ras,ras12,t2,ras12_t2,0.73,0.3683,1.983200273,0,0,12,16
1995,ras,ras12,t2,ras12_t2,0.683,0.454,1.504192691,0,0,12,16
1994,ras,ras12,t2,ras12_t2,0.545,0.3078,1.769452473,0,0,12,16
2013,ras,ras13,t2,ras13_t2,0.861,0.6861,1.254238581,0,0,8.5,23
2012,ras,ras13,t2,ras13_t2,0.616,0.4541,1.355894187,1,0,8.5,23
2011,ras,ras13,t2,ras13_t2,0.535,0.4692,1.140381965,0,0,8.5,23
2010,ras,ras13,t2,ras13_t2,0.988,0.7517,1.31479071,1,0,8.5,23
2009,ras,ras13,t2,ras13_t2,0.502,0.3179,1.578884252,0,0,8.5,23
2008,ras,ras13,t2,ras13_t2,0.922,0.6256,1.474208707,0,0,8.5,23
2007,ras,ras13,t2,ras13_t2,0.794,0.5449,1.457805438,0,0,8.5,23
2006,ras,ras13,t2,ras13_t2,0.613,0.3834,1.599506707,0,0,8.5,23
2005,ras,ras13,t2,ras13_t2,0.712,0.5247,1.356605652,1,0,8.5,23
2004,ras,ras13,t2,ras13_t2,0.655,0.5651,1.158613579,0,0,8.5,23
2003,ras,ras13,t2,ras13_t2,0.581,0.4793,1.213052925,0,0,8.5,23
2002,ras,ras13,t2,ras13_t2,0.385,0.3027,1.271181466,0,0,8.5,23
2013,ras,ras15,t2,ras15_t2,0.679,0.5399,1.258162716,0,0,6,14
2012,ras,ras15,t2,ras15_t2,0.604,0.3834,1.575219961,1,0,6,14
2011,ras,ras15,t2,ras15_t2,0.692,0.4188,1.652767577,0,0,6,14
2010,ras,ras15,t2,ras15_t2,0.692,0.454,1.5236548,0,0,6,14
2009,ras,ras15,t2,ras15_t2,0.754,0.5247,1.437354092,0,0,6,14
2008,ras,ras15,t2,ras15_t2,0.989,0.7114,1.390260394,1,0,6,14
2007,ras,ras15,t2,ras15_t2,0.246,0.1665,1.479832941,0,0,6,14
2006,ras,ras15,t2,ras15_t2,0.663,0.4692,1.412557369,0,0,6,14
2005,ras,ras15,t2,ras15_t2,0.986,0.6912,1.427025635,1,0,6,14
2004,ras,ras15,t2,ras15_t2,0.492,0.3582,1.373541969,0,0,6,14
2013,ras,ras16,t2,ras16_t2,0.318,0.2422,1.313583219,0,0,7,15
2012,ras,ras16,t2,ras16_t2,0.739,0.5298,1.394374104,0,0,7,15
2011,ras,ras16,t2,ras16_t2,0.872,0.7214,1.208216265,0,0,7,15
2010,ras,ras16,t2,ras16_t2,0.736,0.6206,1.18616182,0,0,7,15
2009,ras,ras16,t2,ras16_t2,0.56,0.444,1.260379564,0,0,7,15
2008,ras,ras16,t2,ras16_t2,0.313,0.2674,1.17171318,0,0,7,15
2007,ras,ras16,t2,ras16_t2,0.922,0.7971,1.156223299,0,0,7,15
2006,ras,ras16,t2,ras16_t2,1.031,0.7467,1.380895844,0,0,7,15
2005,ras,ras16,t2,ras16_t2,0.604,0.4692,1.286253751,0,0,7,15
2004,ras,ras16,t2,ras16_t2,0.72,0.5954,1.209131694,0,0,7,15
2003,ras,ras16,t2,ras16_t2,1.102,0.9636,1.143806746,0,0,7,15
2013,ras,ras21,t2,ras21_t2,0.534,0.5297,1.008124113,0,0,8.5,24
2012,ras,ras21,t2,ras21_t2,0.545,0.5045,1.07982535,1,0,8.5,24
2011,ras,ras21,t2,ras21_t2,0.458,0.3835,1.1940561,1,0,8.5,24
2010,ras,ras21,t2,ras21_t2,0.501,0.4339,1.153668125,0,0,8.5,24
2009,ras,ras21,t2,ras21_t2,0.604,0.5852,1.032825509,0,0,8.5,24
2008,ras,ras21,t2,ras21_t2,0.522,0.5247,0.995504726,0,0,8.5,24
2007,ras,ras21,t2,ras21_t2,0.534,0.5651,0.945525998,0,0,8.5,24
2006,ras,ras21,t2,ras21_t2,0.47,0.5146,0.913922742,0,0,8.5,24
2005,ras,ras21,t2,ras21_t2,0.627,0.7164,0.875512831,0,0,8.5,24
2004,ras,ras21,t2,ras21_t2,0.454,0.4945,0.917238721,0,0,8.5,24
2003,ras,ras21,t2,ras21_t2,,2.9767,1.3157615,1,0,8.5,24
2013,sad,sad05,t2,sad05_t2,0.686,0.66,1.038662472,0,0,11,18
2012,sad,sad05,t2,sad05_t2,0.99,0.87,1.138132795,0,0,11,18
2011,sad,sad05,t2,sad05_t2,0.82,0.625,1.312465753,0,0,11,18
2010,sad,sad05,t2,sad05_t2,0.689,0.53,1.300547682,0,0,11,18
2009,sad,sad05,t2,sad05_t2,0.924,0.975,0.947415497,0,0,11,18
2008,sad,sad05,t2,sad05_t2,0.752,0.865,0.869273652,0,0,11,18
2007,sad,sad05,t2,sad05_t2,0.722,0.695,1.039177795,0,0,11,18
2006,sad,sad05,t2,sad05_t2,0.608,0.585,1.038705245,0,0,11,18
2005,sad,sad05,t2,sad05_t2,0.675,0.595,1.134762376,0,0,11,18
2004,sad,sad05,t2,sad05_t2,1.089,0.91,1.197089557,0,0,11,18
2003,sad,sad05,t2,sad05_t2,1.144,0.88,1.29983456,0,0,11,18
2002,sad,sad05,t2,sad05_t2,1.752,,,0,0,11,18
2001,sad,sad05,t2,sad05_t2,1.52,,,0,0,11,18
2000,sad,sad05,t2,sad05_t2,1.507,,,0,0,11,18
1999,sad,sad05,t2,sad05_t2,1.499,,,0,0,11,18
1998,sad,sad05,t2,sad05_t2,1.626,,,0,0,11,18
1997,sad,sad05,t2,sad05_t2,1.909,,,0,0,11,18
2013,sad,sad07,t2,sad07_t2,0.956,0.7165,1.33390452,0,0,10,17
2012,sad,sad07,t2,sad07_t2,1.016,0.7214,1.408972399,0,0,10,17
2011,sad,sad07,t2,sad07_t2,0.811,0.5348,1.515652956,0,0,10,17
2010,sad,sad07,t2,sad07_t2,0.839,0.5147,1.62945808,0,0,10,17
2009,sad,sad07,t2,sad07_t2,0.813,0.4843,1.678732282,0,0,10,17
2008,sad,sad07,t2,sad07_t2,1.154,0.6811,1.693797143,0,0,10,17
2007,sad,sad07,t2,sad07_t2,1.106,0.6004,1.841782885,0,0,10,17
2006,sad,sad07,t2,sad07_t2,1.052,0.5499,1.912273054,0,0,10,17
2005,sad,sad07,t2,sad07_t2,1.616,0.8981,1.798820368,0,0,10,17
2004,sad,sad07,t2,sad07_t2,1.059,0.565,1.87394089,0,0,10,17
2003,sad,sad07,t2,sad07_t2,1.311,0.7165,1.830150204,0,0,10,17
2002,sad,sad07,t2,sad07_t2,1.08,0.6811,1.586022325,0,0,10,17
2013,sad,sad08,t2,sad08_t2,0.383,0.555,1.254628069,0,0,11,16
2012,sad,sad08,t2,sad08_t2,0.224,0.4238,1.259845812,0,0,11,16
2011,sad,sad08,t2,sad08_t2,0.519,0.6155,1.381176854,0,0,11,16
2010,sad,sad08,t2,sad08_t2,0.305,0.4692,1.400833585,0,0,11,16
2009,sad,sad08,t2,sad08_t2,0.63,0.7467,1.138229505,0,0,11,16
2008,sad,sad08,t2,sad08_t2,0.407,0.5903,1.178925932,0,0,11,16
2007,sad,sad08,t2,sad08_t2,0.165,0.3481,1.38133395,0,0,11,16
2006,sad,sad08,t2,sad08_t2,0.567,0.6464,1.367836033,0,0,11,16
2005,sad,sad08,t2,sad08_t2,1.138,0.9282,1.328678071,0,0,11,16
2004,sad,sad08,t2,sad08_t2,0.479,0.5916,1.380570806,0,0,11,16
2003,sad,sad08,t2,sad08_t2,0.296,0.4743,1.327865234,0,0,11,16
2002,sad,sad08,t2,sad08_t2,0.498,0.6069,1.363195407,0,0,11,16
2001,sad,sad08,t2,sad08_t2,1.404,0.9894,1.441546635,0,0,11,16
2013,sad,sad12,t2,sad12_t2,0.628,0.3532,1.778361407,0,0,9,16
2012,sad,sad12,t2,sad12_t2,1.011,0.5751,1.757346726,0,0,9,16
2011,sad,sad12,t2,sad12_t2,0.381,0.2372,1.606576643,0,0,9,16
2010,sad,sad12,t2,sad12_t2,0.654,0.4692,1.392987644,0,0,9,16
2009,sad,sad12,t2,sad12_t2,0.977,0.7265,1.345207016,0,0,9,16
2008,sad,sad12,t2,sad12_t2,1.077,0.7921,1.359488674,0,0,9,16
2007,sad,sad12,t2,sad12_t2,0.614,0.5449,1.127473748,0,0,9,16
2006,sad,sad12,t2,sad12_t2,1.553,1.0494,1.47968057,0,0,9,16
2005,sad,sad12,t2,sad12_t2,,,,1,0,9,16
2013,sad,sad13,t2,sad13_t2,0.355,0.3128,1.135161899,0,0,5,15
2012,sad,sad13,t2,sad13_t2,0.431,0.3329,1.293348912,0,0,5,15
2011,sad,sad13,t2,sad13_t2,0.428,0.2876,1.486963454,0,0,5,15
2010,sad,sad13,t2,sad13_t2,0.296,0.1968,1.50163048,0,0,5,15
2009,sad,sad13,t2,sad13_t2,0.691,0.5045,1.368895352,0,0,5,15
2008,sad,sad13,t2,sad13_t2,0.334,0.2472,1.351749883,0,0,5,15
2007,sad,sad13,t2,sad13_t2,0.61,0.439,1.390081999,0,0,5,15
2006,sad,sad13,t2,sad13_t2,0.433,0.3128,1.382865153,0,0,5,15
2005,sad,sad13,t2,sad13_t2,0.763,0.6054,1.260594196,0,0,5,15
2004,sad,sad13,t2,sad13_t2,0.642,0.4944,1.298877378,0,0,5,15
2003,sad,sad13,t2,sad13_t2,0.429,0.2927,1.465879769,0,0,5,15
2002,sad,sad13,t2,sad13_t2,0.39,0.2623,1.488697269,0,0,5,15
2013,sad,sad14,t2,sad14_t2,0.386,0.3481,1.109800209,0,0,4,14
2012,sad,sad14,t2,sad14_t2,0.451,0.3986,1.1316585,0,0,4,14
2011,sad,sad14,t2,sad14_t2,0.855,0.7618,1.121740706,0,0,4,14
2010,sad,sad14,t2,sad14_t2,0.567,0.5096,1.113523749,0,0,4,14
2013,sad,sad15,t2,sad15_t2,0.817,0.56,1.458996675,0,0,14,22
2012,sad,sad15,t2,sad15_t2,0.904,0.655,1.379827764,0,0,14,22
2011,sad,sad15,t2,sad15_t2,0.583,0.42,1.389238169,0,0,14,22
2010,sad,sad15,t2,sad15_t2,1.23,0.94,1.308959264,0,0,14,22
2009,sad,sad15,t2,sad15_t2,1.03,0.77,1.338196417,0,0,14,22
2008,sad,sad15,t2,sad15_t2,1.204,0.95,1.26746339,0,0,14,22
2007,sad,sad15,t2,sad15_t2,1.239,1.05,1.17954502,0,0,14,22
2006,sad,sad15,t2,sad15_t2,0.813,0.72,1.128837986,0,0,14,22
2005,sad,sad15,t2,sad15_t2,1.23,1.075,1.144475253,0,0,14,22
2004,sad,sad15,t2,sad15_t2,1.047,0.825,1.268859209,0,0,14,22
2003,sad,sad15,t2,sad15_t2,1.578,0.985,1.602230053,1,0,14,22
2002,sad,sad15,t2,sad15_t2,1.596,1.02,1.564934364,1,0,14,22
2001,sad,sad15,t2,sad15_t2,0.969,0.635,1.525572079,0,0,14,22
2000,sad,sad15,t2,sad15_t2,1.2,0.79,1.518397116,0,0,14,22
1999,sad,sad15,t2,sad15_t2,1.057,0.62,1.705072767,0,0,14,22
1998,sad,sad15,t2,sad15_t2,1.446,0.7,2.065743098,0,0,14,22
1997,sad,sad15,t2,sad15_t2,1.547,,,0,0,14,22
2013,sad,sad22,t2,sad22_t2,1.211,0.777,1.548419946,0,0,7,15
2012,sad,sad22,t2,sad22_t2,0.732,0.3986,1.81312684,1,0,7,15
2011,sad,sad22,t2,sad22_t2,0.977,0.5601,1.728459041,1,0,7,15
2010,sad,sad22,t2,sad22_t2,0.686,0.4894,1.387338203,0,0,7,15
2009,sad,sad22,t2,sad22_t2,0.637,0.4238,1.486216206,0,0,7,15
2008,sad,sad22,t2,sad22_t2,1.39,0.9031,1.530009274,0,0,7,15
2007,sad,sad22,t2,sad22_t2,1.068,0.5802,1.825625308,0,0,7,15
2006,sad,sad22,t2,sad22_t2,0.972,0.565,1.705528478,0,0,7,15
2005,sad,sad22,t2,sad22_t2,1.512,0.999,1.505356186,0,0,7,15
2004,sad,sad22,t2,sad22_t2,1.195,0.7265,1.633195032,0,0,7,15
2013,dib,dib01,t2,dib01_t2,0.438,0.3481,1.258454969,0,0,NA,NA
2012,dib,dib01,t2,dib01_t2,1.369,1.1453,1.195738181,1,0,NA,NA
2011,dib,dib01,t2,dib01_t2,0.685,0.5045,1.357254252,0,0,NA,NA
2010,dib,dib01,t2,dib01_t2,0.659,0.5297,1.244758142,0,0,NA,NA
2009,dib,dib01,t2,dib01_t2,0.54,0.5348,1.010540444,0,0,NA,NA
2008,dib,dib01,t2,dib01_t2,0.555,0.4945,1.12308338,1,0,NA,NA
2007,dib,dib01,t2,dib01_t2,0.399,0.3027,1.31693386,0,0,NA,NA
2006,dib,dib01,t2,dib01_t2,0.623,0.4641,1.342705547,0,0,NA,NA
2005,dib,dib01,t2,dib01_t2,0.438,0.3128,1.401036579,0,0,NA,NA
2004,dib,dib01,t2,dib01_t2,0.609,0.3986,1.527756851,0,0,NA,NA
2003,dib,dib01,t2,dib01_t2,0.753,0.5197,1.449034282,0,0,NA,NA
2002,dib,dib01,t2,dib01_t2,0.553,0.3733,1.482041614,0,0,NA,NA
2001,dib,dib01,t2,dib01_t2,0.577,0.3734,1.546363321,0,0,NA,NA
2000,dib,dib01,t2,dib01_t2,0.526,0.3784,1.390042719,0,0,NA,NA
1999,dib,dib01,t2,dib01_t2,1.02,0.8022,1.272061182,0,0,NA,NA
1998,dib,dib01,t2,dib01_t2,0.827,0.5802,1.425831544,0,0,NA,NA
1997,dib,dib01,t2,dib01_t2,0.949,0.6811,1.393179379,0,0,NA,NA
1996,dib,dib01,t2,dib01_t2,1.099,0.7416,1.482228107,0,0,NA,NA
2013,dib,dib02,t2,dib02_t2,0.701,0.3229,2.171758436,1,0,NA,NA
2012,dib,dib02,t2,dib02_t2,0.848,0.3633,2.333461072,1,0,NA,NA
2011,dib,dib02,t2,dib02_t2,1.097,0.5247,2.090185064,1,0,NA,NA
2010,dib,dib02,t2,dib02_t2,0.701,0.4137,1.694380823,1,0,NA,NA
2009,dib,dib02,t2,dib02_t2,1.014,0.7063,1.436217178,0,0,NA,NA
2008,dib,dib02,t2,dib02_t2,0.564,0.3936,1.433352057,0,0,NA,NA
2007,dib,dib02,t2,dib02_t2,1.069,0.7971,1.341390632,0,0,NA,NA
2006,dib,dib02,t2,dib02_t2,1.085,0.7719,1.40606794,0,0,NA,NA
2005,dib,dib02,t2,dib02_t2,0.873,0.7013,1.244989891,0,0,NA,NA
2004,dib,dib02,t2,dib02_t2,0.615,0.555,1.107820342,0,0,NA,NA
2003,dib,dib02,t2,dib02_t2,0.662,0.6004,1.102806456,0,0,NA,NA
2013,dib,dib03,t2,dib03_t2,1.012,0.3935,2.204812165,1,0,8,24
2012,dib,dib03,t2,dib03_t2,1.101,0.8022,1.306156105,0,0,8,24
2011,dib,dib03,t2,dib03_t2,0.819,0.8275,1.104479726,0,0,8,24
2010,dib,dib03,t2,dib03_t2,0.914,0.8072,1.091720984,0,0,8,24
2009,dib,dib03,t2,dib03_t2,0.464,0.5752,1.295224744,0,0,8,24
2008,dib,dib03,t2,dib03_t2,0.778,0.6962,1.295461955,0,0,8,24
2007,dib,dib03,t2,dib03_t2,1.334,0.5701,1.537041951,0,0,8,24
2006,dib,dib03,t2,dib03_t2,0.733,0.3885,1.452767194,0,0,8,24
2005,dib,dib03,t2,dib03_t2,0.822,0.7719,1.336233071,0,0,8,24
2013,dib,dib04,t2,dib04_t2,1.067,0.7769,1.374010601,1,0,14,28
2012,dib,dib04,t2,dib04_t2,0.635,0.4692,1.353432909,0,0,14,28
2011,dib,dib04,t2,dib04_t2,0.765,0.5702,1.342453786,0,0,14,28
2010,dib,dib04,t2,dib04_t2,1.353,1.004,1.347899113,1,0,14,28
2009,dib,dib04,t2,dib04_t2,0.913,0.6912,1.321251654,0,0,14,28
2008,dib,dib04,t2,dib04_t2,0.738,0.6256,1.180241681,0,0,14,28
2007,dib,dib04,t2,dib04_t2,0.763,0.5398,1.41273323,0,0,14,28
2006,dib,dib04,t2,dib04_t2,0.689,0.56,1.229956158,0,0,14,28
2005,dib,dib04,t2,dib04_t2,0.602,0.5197,1.158601402,0,0,14,28
2004,dib,dib04,t2,dib04_t2,0.825,0.6761,1.220492953,0,0,14,28
2003,dib,dib04,t2,dib04_t2,0.652,0.565,1.153839779,0,0,14,28
2002,dib,dib04,t2,dib04_t2,1.027,0.9384,1.094699365,0,0,14,28
2001,dib,dib04,t2,dib04_t2,0.828,0.6711,1.23365919,0,0,14,28
2000,dib,dib04,t2,dib04_t2,1.335,1.0998,1.2134878,0,0,14,28
1999,dib,dib04,t2,dib04_t2,0.754,0.6105,1.234953236,0,0,14,28
2013,dib,dib06,t2,dib06_t2,1.292,0.8375,1.542330322,0,0,8.5,21
2012,dib,dib06,t2,dib06_t2,1.198,0.9435,1.269630209,1,0,8.5,21
2011,dib,dib06,t2,dib06_t2,1.3,1.0342,1.257362999,0,0,8.5,21
2010,dib,dib06,t2,dib06_t2,0.848,0.7114,1.191364172,0,0,8.5,21
2009,dib,dib06,t2,dib06_t2,1.021,0.6307,1.619404411,0,0,8.5,21
2008,dib,dib06,t2,dib06_t2,0.624,0.4086,1.526484301,0,0,8.5,21
2007,dib,dib06,t2,dib06_t2,1.167,0.8022,1.454325911,0,0,8.5,21
2006,dib,dib06,t2,dib06_t2,0.951,0.7467,1.273395893,0,0,8.5,21
2005,dib,dib06,t2,dib06_t2,0.424,0.333,1.273708814,0,0,8.5,21
2004,dib,dib06,t2,dib06_t2,0.437,0.3481,1.255325504,0,0,8.5,21
2013,dib,dib08,t2,dib08_t2,0.479,0.4137,1.157648208,0,0,7,23
2012,dib,dib08,t2,dib08_t2,0.871,0.7568,1.151554923,0,0,7,23
2011,dib,dib08,t2,dib08_t2,0.641,0.6408,1.00038538,0,0,7,23
2010,dib,dib08,t2,dib08_t2,0.894,0.7971,1.121466942,0,0,7,23
2009,dib,dib08,t2,dib08_t2,0.743,0.5853,1.269596644,0,0,7,23
2008,dib,dib08,t2,dib08_t2,0.89,0.7164,1.241878299,0,0,7,23
2007,dib,dib08,t2,dib08_t2,0.703,0.6054,1.161755948,0,0,7,23
2006,dib,dib08,t2,dib08_t2,0.751,0.6408,1.171990699,0,0,7,23
2013,dib,dib15,t2,dib15_t2,0.484,0.3431,1.41145383,0,0,6,14
2012,dib,dib15,t2,dib15_t2,0.844,0.6105,1.382551659,0,0,6,14
2011,dib,dib15,t2,dib15_t2,0.712,0.5146,1.384014519,0,0,6,14
2010,dib,dib15,t2,dib15_t2,0.788,0.6155,1.281049456,0,0,6,14
2009,dib,dib15,t2,dib15_t2,0.876,0.6962,1.258279417,0,0,6,14
2008,dib,dib15,t2,dib15_t2,0.855,0.7013,1.219199477,0,0,6,14
2013,dib,dib16,t2,dib16_t2,0.49,0.4288,1.143312023,0,0,7,22
2012,dib,dib16,t2,dib16_t2,1.048,0.8779,1.194306889,0,0,7,22
2011,dib,dib16,t2,dib16_t2,1.147,0.9737,1.178319471,0,0,7,22
2010,dib,dib16,t2,dib16_t2,1.031,0.8325,1.238416745,0,0,7,22
2009,dib,dib16,t2,dib16_t2,1.473,0.9536,1.5441547,0,0,7,22
2008,dib,dib16,t2,dib16_t2,1.243,0.8324,1.493482469,0,0,7,22
2013,ala,ala01,t2,ala01_t2,0.808,0.661,1.222817339,0,0,7,23
2012,ala,ala01,t2,ala01_t2,0.844,0.6004,1.405657891,0,0,7,23
2011,ala,ala01,t2,ala01_t2,0.783,0.5499,1.423561658,0,0,7,23
2010,ala,ala01,t2,ala01_t2,0.683,0.4742,1.440121284,0,0,7,23
2009,ala,ala01,t2,ala01_t2,0.912,0.6307,1.445557901,0,0,7,23
2008,ala,ala01,t2,ala01_t2,0.799,0.5398,1.479945573,0,0,7,23
2007,ala,ala01,t2,ala01_t2,1.244,0.8426,1.475825324,0,0,7,23
2006,ala,ala01,t2,ala01_t2,0.602,0.3784,1.590691273,0,0,7,23
2013,ala,ala02,t2,ala02_t2,1.385,1.4379,0.963129134,0,0,6,11
2012,ala,ala02,t2,ala02_t2,1.202,1.1755,1.022298383,0,0,6,11
2011,ala,ala02,t2,ala02_t2,1.281,1.004,1.275777949,0,0,6,11
2010,ala,ala02,t2,ala02_t2,1.528,1.0393,1.470312001,0,0,6,11
2013,ala,ala08,t2,ala08_t2,0.707,0.6155,1.147997772,0,0,8,15
2012,ala,ala08,t2,ala08_t2,0.563,0.444,1.267730776,0,0,8,15
2011,ala,ala08,t2,ala08_t2,0.74,0.5499,1.345114844,0,0,8,15
2010,ala,ala08,t2,ala08_t2,0.893,0.666,1.340796601,0,0,8,15
2009,ala,ala08,t2,ala08_t2,1.02,0.7063,1.444341552,0,0,8,15
2008,ala,ala08,t2,ala08_t2,0.876,0.5449,1.607827167,0,0,8,15
2007,ala,ala08,t2,ala08_t2,1.339,0.787,1.701101133,0,0,8,15
2006,ala,ala08,t2,ala08_t2,1.291,0.7467,1.729375831,0,0,8,15
2005,ala,ala08,t2,ala08_t2,1.177,0.772,1.524158184,0,0,8,15
2013,ala,ala10,t2,ala10_t2,0.465,0.3532,1.315119916,0,0,8.5,18
2012,ala,ala10,t2,ala10_t2,0.894,0.5953,1.502410712,0,0,8.5,18
2011,ala,ala10,t2,ala10_t2,0.887,0.4945,1.792782981,1,0,8.5,18
2010,ala,ala10,t2,ala10_t2,0.86,0.4541,1.894222928,0,0,8.5,18
2009,ala,ala10,t2,ala10_t2,0.927,0.4843,1.914827266,0,0,8.5,18
2008,ala,ala10,t2,ala10_t2,0.715,0.3834,1.864734084,0,0,8.5,18
2007,ala,ala10,t2,ala10_t2,0.775,0.4642,1.669882945,1,0,8.5,18
2006,ala,ala10,t2,ala10_t2,0.927,0.5852,1.583842886,0,0,8.5,18
2005,ala,ala10,t2,ala10_t2,1.167,0.7165,1.629123926,0,0,8.5,18
2004,ala,ala10,t2,ala10_t2,1.302,0.787,1.654471624,0,0,8.5,18
2003,ala,ala10,t2,ala10_t2,1.133,0.7064,1.603888582,0,0,8.5,18
2002,ala,ala10,t2,ala10_t2,1.173,0.7265,1.614874896,0,0,8.5,18
2013,ala,ala12,t2,ala12_t2,0.719,0.5247,0.959411758,1,0,13.5,23
2012,ala,ala12,t2,ala12_t2,0.357,0.5147,0.998177685,0,0,13.5,23
2011,ala,ala12,t2,ala12_t2,0.372,0.2169,1.10011661,0,0,13.5,23
2010,ala,ala12,t2,ala12_t2,0.608,0.5398,1.038546187,0,0,13.5,23
2009,ala,ala12,t2,ala12_t2,0.298,0.4844,0.987890351,0,0,13.5,23
2008,ala,ala12,t2,ala12_t2,0.509,0.4087,1.031900283,0,0,13.5,23
2007,ala,ala12,t2,ala12_t2,0.648,0.4843,1.042486969,0,0,13.5,23
2006,ala,ala12,t2,ala12_t2,1.403,0.6559,1.108129861,0,0,13.5,23
2005,ala,ala12,t2,ala12_t2,1.68,0.6609,1.053343505,0,0,13.5,23
2004,ala,ala12,t2,ala12_t2,1.042,1.0494,1.152728883,0,0,13.5,23
2003,ala,ala12,t2,ala12_t2,0.936,1.5691,1.167325668,0,0,13.5,23
2002,ala,ala12,t2,ala12_t2,0.982,0.6458,1.262126382,0,0,13.5,23
2001,ala,ala12,t2,ala12_t2,0.884,0.8829,1.427017033,0,0,13.5,23
2000,ala,ala12,t2,ala12_t2,1.007,0.5701,1.397307758,0,0,13.5,23
1999,ala,ala12,t2,ala12_t2,0.954,0.3229,1.434582443,0,0,13.5,23
1998,ala,ala12,t2,ala12_t2,1.303,0.8627,1.424595728,0,0,13.5,23
2013,ala,ala14,t2,ala14_t2,0.952,0.9737,0.978023437,0,0,6,16
2012,ala,ala14,t2,ala14_t2,1.32,1.11,1.189636037,0,0,6,16
2011,ala,ala14,t2,ala14_t2,1.052,0.7668,1.372539714,0,0,6,16
2010,ala,ala14,t2,ala14_t2,1.833,1.4178,1.292850401,0,0,6,16
2013,ala,ala21,t2,ala21_t2,1.158,0.666,1.739420517,0,0,5,14
2012,ala,ala21,t2,ala21_t2,0.99,0.5802,1.705876964,0,0,5,14
2011,ala,ala21,t2,ala21_t2,1.237,0.6609,1.871400298,0,0,5,14
2010,ala,ala21,t2,ala21_t2,1.284,0.6408,2.003476577,0,0,5,14
2009,ala,ala21,t2,ala21_t2,0.831,0.4894,1.69759726,0,0,5,14
2008,ala,ala21,t2,ala21_t2,1.149,0.6861,1.675034244,0,0,5,14